openTime,open,high,low,close,volume,closeTime,qav,ntr,tbb,tbq,ignore,delta,cvd,tbr,rvol20,avg_trade,vwap_bar,vwap_sess,vwma20,sma20,sma50,sma200,ema12,ema26,ema50,macd,macd_sig,macd_hist,rsi14,roc10,obv,ad,cmf20,mfi14,atr14,bb_mid,bb_up,bb_dn,bb_w,kc_mid,kc_up,kc_dn,di_plus,di_minus,adx14,don20_hi,don20_lo,don55_hi,don55_lo,swing_hh,swing_hl,swing_lh,swing_ll,bull_div_rsi,bear_div_rsi,bull_div_cvd,bear_div_cvd,fib20_382,fib20_500,fib20_618,fib55_382,fib55_500,fib55_618,fib_sw_382,fib_sw_500,fib_sw_618,fibA_382,fibA_500,fibA_618
2025-05-22T00:00:00Z,109643.99,111980,109177.37,111696.21,31630.77313,2025-05-22T23:59:59Z,3509432834.57341,5794216,16584.56293,1840083098.58278,0,1538.3527299999987,-1127961.4647979983,0.5243173431720668,1.4599607050313503,0.005459025540297428,110949.95434192885,26620.93499974268,103965.08570144269,102743.4335000001,93490.34280000007,93417.62029999994,105664.1592262424,101435.93692016527,96966.60331901014,4228.222306077121,3879.9211809504473,348.3011251266739,78.12905276860516,0.08663075831694744,-450010.49281900283,12712470.389904452,0.33251773379857985,62.369403031653455,3011.6836401679516,102743.4335000001,111993.87365758227,93492.99334241793,0.18006873709514798,103114.38971626412,109137.75699660003,97091.02243592821,30.527582725140487,11.645427993935757,33.19425009466982,111980,93377,111980,74508,1,0,0,0,0,0,0,0,100483.346,102678.5,104873.654,88822.304,93244,97665.696,108655.55552,109290.32,109925.08448,110247.97465999999,110578.685,110909.39534
2025-05-23T00:00:00Z,111696.22,111800,106800,107318.3,31737.72309,2025-05-23T23:59:59Z,3469704446.3904,5251192,14309.31652,1565622441.18751,0,-3119.090049999999,-1131080.5548479983,0.4508614710457479,1.394071133825336,0.006043908333574548,109324.3027091519,26634.949576013874,104371.97540352502,103316.52750000011,93972.44700000007,93614.96174999993,105918.6424222051,101871.66751867154,97372.55220846072,4046.9749035335553,3913.3319254670687,133.64297806648665,63.305019676374265,0.030878627584105534,-481748.2159090028,12687312.53156547,0.2788086088392344,53.191832585350234,3153.706237298812,103316.52750000011,112202.27934699556,94430.77565300466,0.17201026906359088,103514.76212423897,109822.1745988366,97207.34964964134,27.070473122738232,15.711162686552829,32.71979205490829,111980,93377,111980,74508,0,0,0,0,0,0,0,0,100483.346,102678.5,104873.654,88822.304,93244,97665.696,108655.55552,109290.32,109925.08448,108778.76,109390,110001.24
2025-05-24T00:00:00Z,107318.3,109506.03,106875.41,107761.91,16782.53129,2025-05-24T23:59:59Z,1819958819.77485,2805418,8786.90747,953683093.321657,0,791.2836500000012,-1130289.2711979982,0.5235746216207413,0.72798121861938,0.0059821856457754246,108443.64228054718,26642.279492303,104736.98873539397,103990.74200000011,94449.88780000007,93806.91124999993,106202.22204955816,102307.98177654772,97779.97800420735,3894.240273010437,3909.5135949757423,-15.273321965305513,64.04937356391534,0.04109921356666568,-464965.6846190028,12681841.1847024,0.2845968703693916,48.34691331806595,3116.3429346346106,103990.74200000011,112037.49541202192,95943.98858797831,0.1547590344536977,103919.25239812098,110151.9382673902,97686.56652885176,25.438245643748225,14.763850412119998,32.27922387512973,111980,93377,111980,74508,0,0,0,0,0,0,0,0,100483.346,102678.5,104873.654,88822.304,93244,97665.696,108655.55552,109290.32,109925.08448,108778.76,109390,110001.24
2025-05-25T00:00:00Z,107761.9,109299.99,106600.64,109004.19,17710.04695,2025-05-25T23:59:59Z,1904366455.42585,3151168,7867.16712,846688135.009713,0,-1975.7127099999998,-1132264.9839079983,0.4442205682577256,0.767450581848504,0.005620153209857424,107530.28836131064,26649.926735352423,105274.63873250094,104704.2675000001,94959.21180000008,93974.07224999994,106633.29404193383,102803.99720050715,98220.14318051295,3829.2968414266797,3893.47024426593,-64.17340283925023,66.1218757952974,0.0505039767756954,-447255.6376690028,12695669.829175647,0.2975438546035726,53.70679642877759,3086.557725017853,104704.2675000001,111817.77990335344,97590.75509664677,0.13587817523012286,104403.53216972851,110576.64761976422,98230.4167196928,23.84917239461008,14.477451852565988,31.72015404510109,111980,93377,111980,74508,0,1,0,0,0,0,0,0,100483.346,102678.5,104873.654,88822.304,93244,97665.696,108173.47152,108659.32,109145.16848,108655.55552,109290.32,109925.08448
2025-05-26T00:00:00Z,109004.2,110422.22,108670.58,109434.79,14649.11593,2025-05-26T23:59:59Z,1605578282.1079,2887863,7301.11288,800269021.192279,0,-46.89017000000058,-1132311.8740779983,0.4983995563205294,0.6368408562229284,0.005072649197693935,109602.401249336,26656.413196732374,105702.90775137034,105334.3060000001,95579.30760000007,94141.95674999994,107064.29342009785,103295.16703750662,98659.93325186538,3769.126382591232,3868.6014719309906,-99.4750893397586,66.83555090015511,0.057709887216700784,-432606.5217390028,12693803.021122683,0.26110756077462116,61.03609526226885,2991.206458945149,105334.3060000001,111745.36473854602,98923.24726145418,0.1217278393336719,104882.69958213532,110865.11250002561,98900.28666424502,25.531432823962735,13.871884354465678,31.56801956606365,111980,95784.61,111980,74508,0,0,0,0,0,0,0,0,101971.24898,103882.305,105793.36102,88822.304,93244,97665.696,108173.47152,108659.32,109145.16848,108655.55552,109290.32,109925.08448
2025-05-27T00:00:00Z,109434.78,110718,107516.57,108938.17,21276.65635,2025-05-27T23:59:59Z,2327603851.11926,3735509,9969.89271,1090553624.46159,0,-1336.870930000001,-1133648.7450079983,0.4685836226329801,0.9157402230716123,0.0056957850590107,109397.0693905229,26665.809133688505,106161.68132222013,105929.6895000001,96174.80620000006,94304.09869999993,107352.58212469818,103713.16725695058,99063.00135963537,3639.414867747604,3822.764151094313,-183.34928334670894,65.1314060409095,0.056353231681626426,-453883.1780890028,12691422.229849951,0.24336825815969562,54.32622982887751,3006.222426163352,105929.6895000001,111267.3553222272,100592.02367777299,0.10077752228712239,105268.93486002719,111281.3797123539,99256.49000770049,23.58933969182037,15.558650839046887,30.778423034133056,111980,96876.29,111980,74508,0,0,1,0,0,0,0,0,102645.90722,104428.14499999999,106210.38278,88822.304,93244,97665.696,105990.63990000001,106893.275,107795.91010000001,108655.55552,109290.32,109925.08448
2025-05-28T00:00:00Z,108938.17,109284.7,106769.43,107781.78,15633.78829,2025-05-28T23:59:59Z,1689136748.51303,2933262,6877.27341,743282966.720719,0,-1879.2414700000008,-1135527.9864779983,0.43989807732006836,0.7020752085006255,0.005329830165188108,108043.98250636859,26672.59888208822,106446.2178488142,106155.69850000009,96803.99340000008,94459.62029999994,107418.6125670523,104014.54597865794,99404.91424749281,3404.0665883943584,3739.0246385543223,-334.95805015996393,61.21725454859693,0.01247033232864525,-469516.9663790028,12688373.067127291,0.18767683950417258,54.35045231164239,2971.1543957231124,106155.69850000009,111404.38059034367,100907.0164096565,0.09888648776294535,105508.2534447865,111450.56223623273,99565.94465334028,22.162920612516334,16.414013232756023,29.644424793981905,111980,100718.37,111980,74508,0,0,0,0,0,0,0,0,105020.31266,106349.185,107678.05734,88822.304,93244,97665.696,105990.63990000001,106893.275,107795.91010000001,108655.55552,109290.32,109925.08448
2025-05-29T00:00:00Z,107781.78,108891.91,105322.86,105589.75,19834.70116,2025-05-29T23:59:59Z,2128639017.50816,3774926,9457.49356,1015173771.54898,0,-919.7140399999989,-1136447.7005179983,0.4768155307059842,0.9065703389121433,0.005254328471604477,107318.93565409079,26681.1347140078,106626.66932143117,106286.58650000006,97263.48400000008,94585.71899999992,107137.2490951981,104131.22775801661,99647.4568260225,3006.02133718149,3592.423978279756,-586.402641098266,54.52778223485508,0.0001516475593268396,-489351.6675390028,12671504.804315083,0.17505851826290897,53.93877717318769,3013.8612246000334,106286.58650000006,111338.02160199592,101235.15139800421,0.09505310629193746,105516.0150214735,111543.73747067357,99488.29257227344,20.288235475190096,18.453982173809944,27.86514500591264,111980,100718.37,111980,74508,0,0,0,0,0,0,0,0,105020.31266,106349.185,107678.05734,88822.304,93244,97665.696,105990.63990000001,106893.275,107795.91010000001,107865.88748,108651.43,109436.97252
2025-05-30T00:00:00Z,105589.75,106313.12,103621,103985.48,23706.49799,2025-05-30T23:59:59Z,2493078549.59186,4307572,11070.98746,1164158558.64358,0,-1564.5230699999993,-1138012.2235879984,0.46700223139959446,1.0631708855916238,0.005503447879687211,105164.35412111496,26691.061869503486,106548.71119819376,106245.38400000008,97751.04760000009,94662.40644999994,106652.3615420907,104120.43162779316,99817.57538186476,2531.929914297536,3380.325165483312,-848.395251185776,50.2039250900833,-0.02680870629936427,-513058.1655290028,12654217.443947028,0.1041946198693033,47.97171974479992,2990.8797085571737,106245.38400000008,111357.41735764431,101133.35064235584,0.09623069097560477,105370.24978133317,111352.00919844751,99388.49036421883,18.98383271437597,21.331913877923274,26.290793819926016,111980,100718.37,111980,74508,0,0,0,0,0,0,0,0,105020.31266,106349.185,107678.05734,88822.304,93244,97665.696,105990.63990000001,106893.275,107795.91010000001,106814.138,107800.5,108786.862
2025-05-31T00:00:00Z,103985.47,104900,103068.55,104591.88,11289.35922,2025-05-31T23:59:59Z,1174000801.50703,2343787,5278.95175,548980630.849357,0,-731.4557199999999,-1138743.6793079984,0.46760419675971654,0.5140164595569053,0.004816717227290705,103991.80136169234,26695.71780970253,106597.9533289357,106269.07800000007,98174.40840000009,94745.60579999993,106335.36438176906,104155.35372943811,100004.8030139485,2180.0106523309514,3140.2622628528397,-960.2516105218883,51.7610302375407,-0.04607740013839334,-501768.8063090028,12661708.198386263,0.12487666630610363,47.95023046202404,2908.0633008030895,106269.07800000007,111345.72078692587,101192.43521307426,0.09554317930425257,105296.1193259681,111112.24592757429,99479.99272436192,18.129853945974574,21.72924916494623,25.05790115884309,111980,100718.37,111980,74508,0,0,0,1,0,0,0,0,105020.31266,106349.185,107678.05734,88822.304,93244,97665.696,104491.92784,104931.61,105371.29216,106472.7239,107524.275,108575.8261
2025-06-01T00:00:00Z,104591.88,105866.91,103752.49,105642.93,9709.70006,2025-06-01T23:59:59Z,1016188486.95059,1939359,4640.3507,485683466.934784,0,-428.9986599999993,-1139172.6779679984,0.4779087583885676,0.46491536461538246,0.005006654291443719,104657.04199626842,26699.75628077922,106860.75356062544,106411.65850000009,98581.72900000008,94821.94444999992,106228.83601534305,104265.54456429454,100225.90603300935,1963.2914510485134,2904.8681004919745,-941.5766494434611,54.421346024027265,-0.05419413962210551,-492059.1062490028,12669360.806081038,0.16366353075155352,46.01189727592571,2851.3744936028684,106411.65850000009,111243.88752110026,101579.42947889993,0.09082142105886196,105329.14891397113,111031.89790117687,99626.3999267654,19.591727217230698,20.5783065200062,23.443480229698906,111980,101383.07,111980,74620,0,0,0,0,0,0,0,0,105431.09726000001,106681.535,107931.97274,88891.52,93300,97708.48,104491.92784,104931.61,105371.29216,106472.7239,107524.275,108575.8261
2025-06-02T00:00:00Z,105642.93,105935.63,103659.88,105857.99,13453.98813,2025-06-02T23:59:59Z,1409004206.98637,2997656,6494.65497,680177826.614417,0,-464.67819000000054,-1139637.3561579983,0.4827308384134868,0.6564552605978223,0.004488169466409755,104727.62376269244,26705.356455310684,106970.79367717201,106499.37200000009,99023.68880000008,94914.60644999992,106171.78278221335,104383.50348545791,100446.77207093056,1788.2792967554415,2681.550339744668,-893.2710429892263,54.96857838707744,-0.013607278534974898,-478605.1181190028,12681896.79562735,0.17102310768927417,52.96723765141682,2810.2584583455205,106499.37200000009,111223.31700578243,101775.42699421775,0.08871310538398926,105379.51473168816,111000.0316483792,99758.99781499713,18.458484393903298,19.62338466546662,21.987441406685484,111980,101383.07,111980,74620,0,0,0,0,0,0,0,0,105431.09726000001,106681.535,107931.97274,88891.52,93300,97708.48,104491.92784,104931.61,105371.29216,106472.7239,107524.275,108575.8261
2025-06-03T00:00:00Z,105858,106794.67,104872.5,105376.89,13259.52634,2025-06-03T23:59:59Z,1402493746.59932,2470698,6260.22436,662160926.824122,0,-739.07762,-1140376.4337779984,0.47213031593102894,0.6520468446785915,0.0053667127022404195,105772.53746752765,26710.948805147298,107058.92046415068,106592.82550000011,99439.39500000008,94986.33054999993,106049.49158494976,104457.08767172029,100640.11002893328,1592.403913229471,2463.7210544416284,-871.3171412121574,53.42331847462956,-0.022132310015663292,-491864.64445900277,12675596.042435024,0.1555680757468404,51.26921662297181,2746.8235684636975,106592.82550000011,111147.25616533228,102038.39483466794,0.0854547319478301,105379.26475724168,110872.91189416907,99885.61762031428,19.76970426545354,18.642524920635807,20.62651190295527,111980,101383.07,111980,78464.36,0,0,1,0,0,0,0,0,105431.09726000001,106681.535,107931.97274,91267.33448,95222.18,99177.02552,102825.62062,103583.465,104341.30937999999,106472.7239,107524.275,108575.8261
2025-06-04T00:00:00Z,105376.9,106000,104179,104696.86,14034.89482,2025-06-04T23:59:59Z,1476928482.36887,2274464,6979.9491,734803757.418583,0,-74.9966199999999,-1140451.4303979985,0.49732820869119987,0.6969694118538777,0.0061706383657864,105232.60069353836,26716.826893957255,107123.87337766154,106639.4830000001,99860.45240000008,95056.88024999991,105841.39441803441,104474.84858492619,100799.19826309277,1366.545833108219,2244.2860101749466,-877.7401770667275,51.231030878707564,-0.039515270009345516,-505899.53927900275,12669543.696359104,0.11102756122107521,39.691036814187115,2680.6933135734334,106639.4830000001,111095.0737721732,102183.89222782699,0.08356362290640704,105314.27382798056,110675.66045512744,99952.88720083369,18.810447321281,19.585829985471825,19.29743401425035,111980,102000,111980,78969.58,0,0,0,0,0,0,0,0,105812.36,106990,108167.64,91579.56044,95474.79000000001,99370.01956,102825.62062,103583.465,104341.30937999999,106472.7239,107524.275,108575.8261
2025-06-05T00:00:00Z,104696.86,105909.71,100372.26,101508.68,22321.50154,2025-06-05T23:59:59Z,2301567892.53054,3963295,10005.36019,1031668517.04271,0,-2310.7811600000023,-1142762.2115579986,0.44823867122336963,1.0905074586828511,0.005632056543860601,103109.90451991519,26725.921068024978,106957.92180564612,106541.72200000011,100210.01840000007,95115.14369999991,105174.82296910604,104255.13239345017,100827.02107630481,919.6905756558699,1979.3669232711313,-1059.6763476152614,42.43829485100511,-0.072427698723596,-528221.0408190028,12656384.029519223,0.09618739997103475,28.126701068455205,2884.747362603903,106541.72200000011,111344.03630495384,101739.40769504638,0.0901489898005164,104951.83632055385,110721.33104576166,99182.34159534604,16.231317989701722,26.326168827019277,19.613367664327694,111980,100372.26,111980,82792.95,0,0,0,1,0,0,0,0,104806.41668,106176.13,107545.84332,93942.4031,97386.475,100830.5469,104252.58162,105451.215,106649.84838,104806.41668,106176.13,107545.84332
2025-06-06T00:00:00Z,101508.69,105333,101095.8,104288.44,15839.07385,2025-06-06T23:59:59Z,1642382404.93557,2709327,7655.60679,793575821.435793,0,-527.860270000001,-1143290.0718279986,0.4833367697190199,0.7652347118924594,0.0058461285219539765,103691.82065121629,26732.422025112945,106959.91018433553,106599.81150000011,100596.82900000009,95184.26549999994,105038.45635847434,104257.59962356498,100962.7629948811,780.8567349093646,1739.664885598778,-958.8081506894134,50.427141013476124,-0.042682284822665895,-512381.9669690028,12664413.76560808,0.11622878927149798,36.949898342123944,2981.3511224179097,106599.81150000011,111261.53196832346,101938.09103167677,0.08746207714116527,104888.65571859633,110851.35796343215,98925.95347376051,14.583566978212428,23.65362114229758,19.906734625113803,111980,100372.26,111980,83034.23,0,0,0,0,0,0,0,0,104806.41668,106176.13,107545.84332,94091.51414,97507.11499999999,100922.71586,104252.58162,105451.215,106649.84838,104806.41668,106176.13,107545.84332
2025-06-07T00:00:00Z,104288.43,105900,103871.09,105552.15,8344.93206,2025-06-07T23:59:59Z,877915380.954823,1402494,3970.01912,417664199.191271,0,-404.8938199999993,-1143694.9656479987,0.47574013682263583,0.4165058800557208,0.005950066139320381,105203.41863092688,26735.91392523459,106957.84978470572,106554.70600000012,101018.37820000008,95250.47229999994,105117.4861494783,104353.49224404164,101142.73895586615,763.993905436655,1544.5306895663534,-780.5367841296984,53.58119530688699,-0.020686520486115634,-504037.0349090028,12669897.274916878,0.08609321934560295,42.17241211051035,2913.319613673774,106554.70600000012,111238.59130774853,101870.82069225171,0.08791512798596439,104951.84565015859,110778.48487750614,99125.20642281104,15.248278880719678,22.47697940131466,19.853498876316852,111980,100372.26,111980,83111.64,0,0,0,0,0,0,0,0,104806.41668,106176.13,107545.84332,94139.35352,97545.82,100952.28648,104252.58162,105451.215,106649.84838,104806.41668,106176.13,107545.84332
2025-06-08T00:00:00Z,105552.15,106488.14,104964.14,105734,8048.06305,2025-06-08T23:59:59Z,850887129.428297,1295154,4361.42266,461098506.088324,0,674.7822700000006,-1143020.1833779986,0.5419220293011994,0.42526160557806336,0.0062139815419633496,105725.70370560119,26739.30372097645,107042.48292002779,106562.71900000011,101431.51800000008,95307.70949999994,105212.33443417394,104455.75207781633,101322.78840857728,756.5823563576123,1386.9410229246052,-630.358666566993,54.03441477722729,0.00136613639107952,-495988.9718590028,12669980.290370386,0.05945771526258969,39.41158506132658,2814.0824984113615,106562.71900000011,111240.40833903583,101885.0296609644,0.08779222945757811,105026.33654061968,110654.50153744241,99398.17154379695,16.15127867869663,21.607502490432605,19.467549791813173,111980,100372.26,111980,83111.64,0,0,0,0,0,0,0,0,104806.41668,106176.13,107545.84332,94139.35352,97545.82,100952.28648,104252.58162,105451.215,106649.84838,104806.41668,106176.13,107545.84332
2025-06-09T00:00:00Z,105734.01,110530.17,105318.37,110263.02,19975.37451,2025-06-09T23:59:59Z,2154922022.22117,2839846,10623.88217,1146790065.51356,0,1272.38983,-1141747.7935479986,0.5318489605629927,1.0660091498428104,0.0070339639931179376,107878.92968626849,26747.945295461537,107226.3148776553,106733.3705000001,101933.19360000007,95367.43899999993,105989.36298276257,104885.92007205216,101673.38572588797,1103.442910710408,1330.2414004817658,-226.79848977135794,63.57351633001812,0.06036939003407027,-476013.5973490028,12687907.842131874,0.06359688371047069,40.911014319054715,2985.3480342391217,106733.3705000001,111681.72683189048,101785.01416810973,0.09272369660415383,105525.0682986559,111495.76436713414,99554.37223017766,23.8083367529976,18.91305757891186,18.89548286630622,111980,100372.26,111980,83111.64,1,0,0,0,0,0,0,0,104806.41668,106176.13,107545.84332,94139.35352,97545.82,100952.28648,105669.06852,106597.23999999999,107525.41148,104806.41668,106176.13,107545.84332
2025-06-10T00:00:00Z,110263.02,110400,108331.03,110274.39,17071.82839,2025-06-10T23:59:59Z,1867620550.19217,3003420,8009.29581,876411274.396948,0,-1053.2367699999995,-1142801.0303179987,0.4691527835818411,0.9859273273126383,0.0056841295556399034,109397.80482365603,26755.46754218176,107058.71060586118,106764.8905000001,102388.35680000005,95424.35094999993,106648.5979084914,105285.06599264088,102010.68001114727,1363.5319158505154,1336.8995035555158,26.63241229499954,63.593942607974746,0.054330317037995624,-458941.7689590028,12702906.762394575,0.04522357244680916,50.05889108986822,2919.892460364899,106764.8905000001,111794.37148623346,101735.40951376673,0.09421600982643934,105977.38465116486,111817.16957189466,100137.59973043506,22.603333115742952,17.95581712105729,18.364277864049765,111980,100372.26,111980,83736.26,0,0,0,0,0,0,0,0,104806.41668,106176.13,107545.84332,94525.36868,97858.13,101190.89132,105669.06852,106597.23999999999,107525.41148,104806.41668,106176.13,107545.84332
2025-06-11T00:00:00Z,110274.39,110392.01,108064,108645.12,13115.91638,2025-06-11T23:59:59Z,1434884639.75063,2667014,6030.96867,659947218.003386,0,-1053.9790400000002,-1143855.0093579986,0.45982060995725865,0.8002506201284909,0.004917828095390576,109400.25829522937,26761.245963107467,106674.6889032294,106612.3360000001,102692.39940000005,95479.21454999995,106955.75515333888,105533.95888207489,102270.85412835718,1421.7962712639855,1353.8788570972097,67.91741416677587,58.52915195913897,0.028418276547233168,-472057.6853390028,12696338.860264296,-0.04921221752312308,50.63922633622825,2877.6151417674055,106612.3360000001,111199.93424759246,102024.73775240773,0.08606130246676824,106231.45468438725,111986.68496792206,100476.22440085244,21.29717250966598,17.58104443424733,17.735285226110523,111800,100372.26,111980,83949.52,0,0,0,0,0,0,0,0,104737.65668,106086.13,107434.60332,94657.16336,97964.76000000001,101272.35664,105669.06852,106597.23999999999,107525.41148,104806.41668,106176.13,107545.84332
2025-06-12T00:00:00Z,108645.13,108813.55,105671.72,105671.73,17778.67218,2025-06-12T23:59:59Z,1908309274.08683,3517420,8291.22648,890420511.470441,0,-1196.2192200000027,-1145051.2285779987,0.46635802696936834,1.1329906470335225,0.0050544638342876315,107336.99652967164,26768.881816376484,106552.78444428332,106530.00750000011,102932.01240000007,95518.07299999995,106758.21282205597,105544.16415006934,102404.22180959808,1214.0486719866312,1325.912820075094,-111.8641480884628,50.6076833695978,-0.0017595270796282314,-489836.3575190028,12678560.301258288,-0.027887895615378095,51.13900503199067,2896.4876316411624,106530.00750000011,111123.06929462537,101936.94570537485,0.08623038526727328,106178.14757158846,111971.12283487078,100385.17230830614,19.647092826577257,22.11834642016275,16.891120722125496,110718,100372.26,111980,83949.52,0,0,0,0,0,0,0,0,104324.33267999999,105545.13,106765.92732,94657.16336,97964.76000000001,101272.35664,105669.06852,106597.23999999999,107525.41148,104806.41668,106176.13,107545.84332
2025-06-13T00:00:00Z,105671.74,106179.53,102664.31,106066.59,26180.81734,2025-06-13T23:59:59Z,2735461890.69297,5452577,12793.70705,1337300355.99521,0,-593.4032399999996,-1145644.6318179986,0.4886672132444586,1.6199273915436279,0.004801549311454016,104483.44126039304,26779.725550986695,106450.6259183401,106445.24150000009,103173.73480000006,95583.35589999994,106651.80931097044,105582.86236117531,102547.84409157462,1068.9469497951213,1274.5196460190996,-205.57269622397826,51.545554248633465,0.006545078337385046,-463655.5401790028,12703058.799135849,0.06564156183054887,50.52442483266231,2940.6828008096504,106445.24150000009,111006.7006911128,101883.78230888738,0.08570527205976985,106167.52304096098,112048.88864258028,100286.15743934168,17.969546237085822,27.534730529408222,17.186069759805424,110718,100372.26,111980,83949.52,0,1,0,0,0,0,0,0,104324.33267999999,105545.13,106765.92732,94657.16336,97964.76000000001,101272.35664,105066.35274,105808.345,106550.33726,104806.41668,106176.13,107545.84332
2025-06-14T00:00:00Z,106066.59,106252,104300,105414.64,8798.93969,2025-06-14T23:59:59Z,925568614.178406,1521776,3848.55498,405001275.926271,0,-1101.8297299999995,-1146746.4615479987,0.43738849402205643,0.5598654866806344,0.005782020277622988,105190.92604195427,26783.402447175267,106277.74879081704,106265.76400000011,103389.25400000006,95650.60329999994,106461.47557082113,105570.4014455327,102660.26746053247,891.0741252884327,1197.8305418729663,-306.75641658453355,49.862067249151494,0.0068557930008597,-472454.4798690028,12704308.681306567,0.02748396581316023,55.306696739513974,2870.062600751818,106265.76400000011,110690.78893387051,101840.73906612971,0.08328223065088765,106095.8198942028,111835.94509570643,100355.69469269917,17.276939287191087,26.197084395355123,17.42408858904366,110718,100372.26,111980,85144.76,0,0,0,0,0,0,0,0,104324.33267999999,105545.13,106765.92732,95395.82168,98562.38,101728.93832,105066.35274,105808.345,106550.33726,104806.41668,106176.13,107545.84332
2025-06-15T00:00:00Z,105414.63,106128.57,104494.53,105594.01,7164.20047,2025-06-15T23:59:59Z,754596887.8748,1564768,3356.46912,353608577.685377,0,-451.26222999999936,-1147197.7237779987,0.4685057507889642,0.4669689143896327,0.004578442599797542,105328.83481341219,26786.401229951236,106111.06072592159,106073.7250000001,103608.57420000006,95699.25779999996,106328.01932915633,105572.15022734509,102775.31618757041,755.869101811244,1109.438253860622,-353.56915204937786,50.34259971423583,0.0402461149135227,-465290.27939900284,12706785.487339169,0.04231043073542918,54.76167614858241,2781.775272126689,106073.7250000001,110258.82180711001,101888.62819289017,0.07890920785726939,106048.0284757073,111611.57901996067,100484.47793145392,16.552037095729865,25.097912628156358,17.645106073336308,110718,100372.26,111980,87076.03,0,0,0,0,0,0,0,0,104324.33267999999,105545.13,106765.92732,96589.34654,99528.015,102466.68346,105066.35274,105808.345,106550.33726,104806.41668,106176.13,107545.84332
2025-06-16T00:00:00Z,105594.02,108952.38,104980.37,106794.53,14922.6654,2025-06-16T23:59:59Z,1599849840.73252,2928998,7442.34921,797865030.136617,0,-37.96697999999924,-1147235.6907579987,0.49872787538344193,0.9932404724047829,0.005094802181496881,107209.38906346585,26792.796345743096,105944.82167189408,105966.54300000009,103869.47880000007,95755.01054999996,106399.79020159382,105662.69687717137,102932.93241550883,737.0933244224434,1034.9692679729862,-297.87594355054284,53.55133452755331,0.024030371918498217,-450367.61399900285,12705494.259252803,0.04683114161289144,55.134372047234045,2866.7920384033546,105966.54300000009,109958.0322331533,101975.05376684689,0.07533489571615447,106119.12385897327,111852.70793577998,100385.53978216655,21.94971157531108,22.61407208935564,16.491227649475235,110530.17,100372.26,111980,91660.01,0,0,1,0,0,0,0,0,104252.58162,105451.215,106649.84838,99422.24618,101820.005,104217.76382,106571.72658,107026.285,107480.84342,104806.41668,106176.13,107545.84332
2025-06-17T00:00:00Z,106794.53,107771.34,103371.02,104551.17,17866.33025,2025-06-17T23:59:59Z,1883173484.89909,3723010,8082.6529,852365443.211356,0,-1701.024449999999,-1148936.7152079986,0.4523958074714308,1.1803982771613266,0.004798893972887529,105403.48569338072,26800.279719295042,105767.69894121202,105805.0125000001,104060.27860000006,95790.46639999998,106115.3870936563,105580.36155293646,102996.39271293985,535.025540719842,934.9805225223574,-399.9549818025155,47.389045498775296,-0.009483274381431372,-468233.94424900285,12697211.300050607,0.029196356414140333,47.7028677709582,2976.329749945972,105805.0125000001,109750.8022766155,101859.2227233847,0.07458606512834923,105969.79492002343,111922.45441991538,100017.13542013148,19.631761929902865,24.08822341628729,16.041367868355877,110530.17,100372.26,111980,91660.01,0,0,0,0,0,0,0,0,104252.58162,105451.215,106649.84838,99422.24618,101820.005,104217.76382,106571.72658,107026.285,107480.84342,104806.41668,106176.13,107545.84332
2025-06-18T00:00:00Z,104551.17,105550.27,103500,104886.78,13968.64167,2025-06-18T23:59:59Z,1461383024.3622,3468170,6656.31474,696386846.690429,0,-656.0121900000013,-1149592.7273979986,0.47651839722508965,0.941121658833529,0.004027669252083952,104618.83545203718,26806.07114491882,105738.13636865646,105769.86400000009,104272.87780000007,95832.86034999999,105926.37061770918,105528.98514160783,103070.52554772652,397.3854761013499,827.4615132381559,-430.076037136806,48.346660141145605,-0.008012748973840078,-454265.30257900286,12702139.128499296,0.1031976718803365,47.72698895897751,2910.1826249498313,105769.86400000009,109735.17330559988,101804.5546944003,0.07497994524413468,105866.65064192595,111687.01589182562,100046.28539202629,18.643841294983066,22.876042204204598,15.623640928745045,110530.17,100372.26,111980,92800.01,0,0,0,0,0,0,0,0,104252.58162,105451.215,106649.84838,100126.76617999999,102390.005,104653.24382,106571.72658,107026.285,107480.84342,104806.41668,106176.13,107545.84332
2025-06-19T00:00:00Z,104886.79,105226.17,103929.27,104658.59,7678.60737,2025-06-19T23:59:59Z,803402575.962044,1718045,3583.19736,374871407.410733,0,-512.2126499999995,-1150104.9400479984,0.4666467742574524,0.5468645000822467,0.004469386640047263,104628.68294332961,26809.25474595216,105856.57370499581,105803.51950000008,104482.60960000007,95870.22739999999,105731.32744575392,105464.51142741466,103132.80258507057,266.81601833926106,715.332414258377,-448.5163959191159,47.71077674815346,-0.05082782967489918,-461943.90994900285,12703096.748944992,0.17405732188179981,51.12081576804492,2794.9481517391287,105803.51950000008,109718.78805363423,101888.25094636594,0.07401017607234024,105751.59724745681,111341.49355093506,100161.70094397856,18.025910134322505,22.117839048164647,15.235751627677844,110530.17,100372.26,111980,92800.01,0,0,0,0,0,0,0,0,104252.58162,105451.215,106649.84838,100126.76617999999,102390.005,104653.24382,106571.72658,107026.285,107480.84342,104806.41668,106176.13,107545.84332
2025-06-20T00:00:00Z,104658.59,106524.65,102345,103297.99,16419.06283,2025-06-20T23:59:59Z,1714411911.0114,3029404,7113.97039,743649283.080021,0,-2191.122049999998,-1152296.0620979983,0.43327505739254185,1.1483759897336414,0.005419898709449119,104415.94193055415,26816.042715659638,105759.59276533044,105738.8250000001,104618.77120000006,95907.51424999996,105356.96783871486,105304.02835871727,103139.28052291095,52.939479997585295,582.8538274062187,-529.9143474086334,43.99513209985972,-0.06326400898703677,-478362.97277900286,12694165.012894202,0.11350412282988796,43.13506380980272,2893.8554266149044,105738.8250000001,109772.99255889334,101704.65744110686,0.07630437654084463,105517.92036674664,111305.63121997645,99730.20951351682,16.166255694485265,23.746466514077877,15.504052687929269,110530.17,100372.26,111980,92800.01,0,0,0,0,0,0,0,0,104252.58162,105451.215,106649.84838,100126.76617999999,102390.005,104653.24382,106571.72658,107026.285,107480.84342,104806.41668,106176.13,107545.84332
2025-06-21T00:00:00Z,103297.98,103982.64,100837.9,102120.01,11154.21332,2025-06-21T23:59:59Z,1144829784.73064,2172578,4632.93703,475270667.422676,0,-1888.3392600000006,-1154184.4013579984,0.4153530954704746,0.7762226907816825,0.005134091075211109,102636.53310968235,26820.54768786508,105622.27787398384,105562.67900000008,104723.42860000007,95938.86584999997,104858.97432506642,105068.17514696044,103099.30912985562,-209.20082189401728,424.4428975461715,-633.6437194401888,41.01680976746562,-0.06005893315778932,-489517.18609900284,12692105.941582575,0.07914179949177685,38.469628123706535,2911.775753285269,105562.67900000008,109894.85206563576,101230.5059343644,0.08207774010047013,105194.30985562791,111017.86136219846,99370.75834905737,14.919135742356007,25.611639996242324,16.280991648546085,110530.17,100372.26,111980,92800.01,0,0,0,0,0,0,0,0,104252.58162,105451.215,106649.84838,100126.76617999999,102390.005,104653.24382,106571.72658,107026.285,107480.84342,104806.41668,106176.13,107545.84332
2025-06-22T00:00:00Z,102120.02,103399.62,98200,100963.87,28746.41072,2025-06-22T23:59:59Z,2892695407.80868,5121309,13142.02965,1322387353.31664,0,-2462.351419999999,-1156646.7527779983,0.4571711500961954,1.8993981864637905,0.005613098276241484,100628.05530695764,26831.847838956135,105169.39233875877,105317.97300000007,104825.57760000008,95950.74859999998,104259.72750582543,104764.15254348189,103015.56641888089,-504.4250376564596,238.66931050564526,-743.0943481621049,38.27793152123647,-0.04455174529649508,-518263.5968190028,12693919.972662818,0.039721134021113484,31.43292511519668,3075.193199479178,105317.97300000007,110086.68000412958,100549.26599587056,0.09055827544515133,104791.41082175859,110941.79722071695,98641.02442280023,13.11730152631374,28.64557723831916,17.773921180764198,110530.17,98200,111980,92910,0,0,0,1,0,0,0,0,102910.12494,104365.08499999999,105820.04506,100194.74,102445,104695.26,106571.72658,107026.285,107480.84342,103463.96,105090,106716.04
2025-06-23T00:00:00Z,100963.87,106074.2,99613.33,105333.93,27666.50609,2025-06-23T23:59:59Z,2836166831.04444,4944207,13408.20163,1375654853.25846,0,-850.1028299999998,-1157496.8556079983,0.48463660667460884,1.7449888494002757,0.005595741863154192,102512.64911508166,26842.997871457497,105175.07155829984,105315.82500000007,105046.70380000006,95992.69009999998,104424.98942800613,104806.35828100175,103106.4826377483,-381.3688529956271,114.66167780539078,-496.0305308010179,51.46928108277808,-0.006907547419031768,-490597.09072900284,12715246.563396761,0.1250423828835969,33.42496673406636,3317.027256659236,105315.82500000007,110084.46261657446,100547.18738342568,0.09055880474894219,104843.07931492444,111477.13382824292,98209.02480160596,17.051737090586816,24.660181015150112,17.807245071718786,110530.17,98200,111980,92910,0,0,0,0,0,0,0,0,102910.12494,104365.08499999999,105820.04506,100194.74,102445,104695.26,106571.72658,107026.285,107480.84342,103463.96,105090,106716.04
2025-06-24T00:00:00Z,105333.94,106290,104622.02,106083,14651.69335,2025-06-24T23:59:59Z,1543451113.45636,2973481,6848.32158,721631005.289326,0,-955.0501899999999,-1158451.9057979984,0.4674081975650958,0.9223212507236872,0.004927454841648559,105342.84854223763,26849.12220538168,105238.06649290207,105385.13200000007,105273.69020000007,96024.40089999998,104680.06797754364,104900.92433426088,103223.20880881698,-220.85635671723867,47.55807090086488,-268.41442761810356,53.311243446986694,0.00634029580710993,-475945.3973790028,12726261.641771222,0.17851918239532985,32.51321869048492,3199.238166897862,105385.13200000007,110156.06260514368,100614.20139485646,0.09054276470695337,104961.16699921736,111359.64333301308,98562.69066542163,16.898531946237213,23.741822005378776,17.73806025403288,110530.17,98200,111980,93377,0,0,0,0,0,0,0,0,102910.12494,104365.08499999999,105820.04506,100483.346,102678.5,104873.654,106571.72658,107026.285,107480.84342,103463.96,105090,106716.04
2025-06-25T00:00:00Z,106083,108135.3,105808.03,107340.58,16701.15551,2025-06-25T23:59:59Z,1789545470.94629,2988892,8576.13709,919352853.806412,0,451.11866999999984,-1158000.7871279984,0.513505612522735,1.0702675113891378,0.0055877413804178945,107150.99741899775,26856.26282334088,105617.31201197451,105676.72700000007,105483.82140000007,96061.94384999998,105089.37751946,105081.63956876007,103384.67434572612,7.737950699927751,39.59404686067745,-31.8560961607497,56.309371776185266,0.0165404268670164,-459244.2418690028,12731556.520994494,0.240865595581052,39.473699957233165,3136.954726405158,105676.72700000007,110169.0590911819,101184.39490881824,0.08502027302911884,105187.77776119666,111461.68721400698,98913.86830838634,20.204799289239958,22.48369486986275,16.85237241252525,110530.17,98200,111980,93377,0,0,0,0,0,0,0,0,102910.12494,104365.08499999999,105820.04506,100483.346,102678.5,104873.654,106571.72658,107026.285,107480.84342,103463.96,105090,106716.04
2025-06-26T00:00:00Z,107340.59,108272.45,106562.5,106947.06,10573.27279,2025-06-26T23:59:59Z,1136093974.6816,2597742,4983.08998,535471528.194492,0,-607.0928300000014,-1158607.8799579984,0.4712911582791008,0.6892002552491229,0.004070178173968008,107449.60403897798,26860.799603562256,105731.73432631422,105809.65800000008,105682.15260000007,96091.13119999997,105375.17482415846,105219.81885996304,103524.37574393293,155.3559641954198,62.74643032762592,92.60953386779389,55.11665686522453,0.0014282566719474588,-469817.51465900283,12725739.010401193,0.19986892991449498,45.64504773067079,3035.025817376218,105809.65800000008,110287.11777555474,101332.19822444543,0.08463234567027242,105355.3284506065,111425.38008535893,99285.27681585406,19.7144716987709,21.5788780423087,15.971133532937516,110530.17,98200,111980,93377,0,0,0,0,0,0,0,0,102910.12494,104365.08499999999,105820.04506,100483.346,102678.5,104873.654,106571.72658,107026.285,107480.84342,103463.96,105090,106716.04
2025-06-27T00:00:00Z,106947.06,107735.34,106356.76,107047.59,12232.44042,2025-06-27T23:59:59Z,1308420348.91,2304499,4862.2801,520251258.378766,0,-2507.880220000001,-1161115.7601779983,0.3974906014706753,0.7873741423456687,0.005308069311377441,106963.14913340898,26866.015983596226,105788.36099639104,105884.43000000008,105757.87240000008,96139.98679999998,105632.46946659562,105355.20931478059,103662.54100887674,277.26015181503317,105.64917462510738,171.6109771899258,55.37669155547073,0.02387749462775024,-457585.07423900283,12725766.339911627,0.17980818063895898,48.65480410998847,2916.708258992203,105884.43000000008,110392.03642548752,101376.82357451264,0.08514200672350851,105516.4962172154,111349.91273519982,99683.07969923099,19.048898094625542,21.35420672311372,15.237893350368909,110530.17,98200,111980,93377,0,0,0,0,0,0,0,0,102910.12494,104365.08499999999,105820.04506,100483.346,102678.5,104873.654,106571.72658,107026.285,107480.84342,103463.96,105090,106716.04
2025-06-28T00:00:00Z,107047.58,107577.75,106811.51,107296.79,3282.17352,2025-06-28T23:59:59Z,352025390.603113,653305,1514.41959,162441164.013239,0,-253.33433999999988,-1161369.0945179984,0.4614075339929012,0.21455695914198997,0.005023952855098307,107253.74160081366,26867.420589696932,105805.97317302534,105962.56950000007,105844.36840000008,96193.50574999997,105888.51877942706,105499.03010627833,103805.06057715608,389.48867314873496,162.4170743298329,227.07159881890206,56.05633233898295,0.022977252233312928,-454302.9007190028,12726641.540493175,0.18519839754738468,47.2656710290706,2763.103383349903,105962.56950000007,110511.03285350798,101414.10614649217,0.08585037858123858,105686.04800605203,111212.25477275184,100159.84123935223,18.671578370827714,20.9312235488292,14.557027466555203,110530.17,98200,111980,93377,0,0,0,0,0,0,0,0,102910.12494,104365.08499999999,105820.04506,100483.346,102678.5,104873.654,106571.72658,107026.285,107480.84342,103463.96,105090,106716.04
2025-06-29T00:00:00Z,107296.79,108528.5,107172.52,108356.93,6831.7364,2025-06-29T23:59:59Z,736708189.949568,1223202,3771.10895,406653127.09208,0,710.4814999999999,-1160658.6130179984,0.5519986031662463,0.46664023985989656,0.00558512526957935,107836.1556733319,26870.365254954882,105561.4293793903,105867.26500000009,105915.31640000007,96229.66539999997,106268.2743518229,105710.72639470216,103983.56526040487,557.5479571207397,241.4432508880143,316.10470623272545,58.92262304437497,0.03533718541402098,-447471.1643190028,12731744.459338127,0.14971252087369147,47.22297234555016,2662.5945702534814,105867.26500000009,110121.67502108528,101612.8549789149,0.08037253103846947,105940.41771976136,111265.60686026832,100615.2285792544,20.54291936441686,20.169820130394825,13.582698282279589,110400,98200,111980,93377,0,0,0,0,0,0,0,0,102860.4,104300,105739.6,100483.346,102678.5,104873.654,106571.72658,107026.285,107480.84342,103463.96,105090,106716.04
2025-06-30T00:00:00Z,108356.93,108789.99,106733.33,107146.5,9754.12491,2025-06-30T23:59:59Z,1050407152.34505,1773485,4331.3813,466474537.788212,0,-1091.3623100000004,-1161749.9753279984,0.4440563699937281,0.6833309448459094,0.00549997598513661,107688.50737887976,26874.561512180342,105333.75615465526,105710.87050000008,105975.88640000006,96265.37644999998,106403.38599000398,105817.0799950946,104107.60191685958,586.3059949093877,310.41579969228894,275.8901952170987,54.547782995445274,0.03725638804782161,-457225.28922900284,12725909.418563632,0.08057322885957084,40.75629635732041,2619.31352952109,105710.87050000008,109511.51596530186,101910.22503469829,0.07190642641244324,106055.28269883171,111293.90975787389,100816.65563978953,19.390769054153086,20.236264413360065,12.764907886267892,110392.01,98200,111980,95784.61,0,0,0,0,0,0,0,0,102857.34782,104296.005,105734.66218,101971.24898,103882.305,105793.36102,106571.72658,107026.285,107480.84342,103463.96,105090,106716.04
2025-07-01T00:00:00Z,107146.51,107540,105250.85,105681.14,10505.62437,2025-07-01T23:59:59Z,1117432945.89263,2013289,4648.91727,494549276.183778,0,-1207.7898299999997,-1162957.7651579983,0.44251698959230923,0.7427690234160579,0.005218140252094955,106365.21034233685,26879.006581631664,105193.12242861532,105562.67150000008,106033.68280000005,96286.66089999997,106292.27122231106,105807.01036582833,104169.30929266902,485.2608564827242,345.384811050376,139.87604543234818,49.73363288194094,0.03487200990285855,-467730.9135990028,12719353.264617298,0.08135826126905364,42.32142280905999,2595.7304202695827,105562.67150000008,109117.28356510476,102008.0594348954,0.06734600431374413,106019.65006084774,111211.1109013869,100828.18922030857,18.169302266294356,23.0409843301855,12.697523001167434,108952.38,98200,111980,96876.29,0,0,0,0,0,0,0,0,102307.40916,103576.19,104844.97084000001,102645.90722,104428.14499999999,106210.38278,106571.72658,107026.285,107480.84342,103463.96,105090,106716.04
2025-07-02T00:00:00Z,105681.13,109730,105100.19,108849.6,17691.89592,2025-07-02T23:59:59Z,1915699005.87728,2444708,9248.43029,1002261738.20887,0,804.9646600000015,-1162152.8004979983,0.5227495307354262,1.2512368801630334,0.007236813525378081,108281.15960775333,26886.671543741602,105391.78897173009,105721.56500000009,106128.60040000005,96323.80889999999,106685.70641887859,106032.38737576698,104352.8501047212,653.3190431116091,406.9716574626226,246.34738564898646,58.30278991660723,0.07810447440257606,-450039.01767900283,12730316.614368895,0.18301997716379767,50.765922974722706,2741.021818821755,105721.56500000009,109554.66810291195,101888.46189708823,0.07251317369189261,106289.16910267176,111771.21274031527,100807.12546502825,21.6841432789288,20.261119564601966,12.03288372427902,109730,98200,111980,98200,0,1,0,0,0,0,0,0,102604.46,103965,105325.54,103463.96,105090,106716.04,107174.06418,107814.685,108455.30582,103463.96,105090,106716.04
2025-07-03T00:00:00Z,108849.59,110529.18,108530.4,109584.78,13047.08225,2025-07-03T23:59:59Z,1429459048.63832,2568944,6961.89686,763022147.911677,0,876.7114700000002,-1161276.0890279983,0.5335979896961254,0.9676806481970434,0.005078772542336462,109561.58788976133,26892.41213668146,105529.14675199843,105897.47450000008,106250.13960000005,96349.41285000001,107131.7177390511,106295.5275701546,104558.02382610469,836.1901688965008,492.8153597493982,343.3748091471026,60.006441530457444,0.040355942287542135,-436991.93542900286,12731034.511338975,0.10374562986484172,56.061108299369835,2688.004546048772,105897.47450000008,110084.35643837869,101710.59256162148,0.07907425475720103,106603.03680717922,111979.04589927677,101227.02771508167,22.65608487751584,19.184975536315143,11.765959185161517,110529.18,98200,111980,98200,1,0,0,0,0,0,0,0,102909.74676,104364.59,105819.43324,103463.96,105090,106716.04,108613.62102,108979.375,109345.12898,103463.96,105090,106716.04
2025-07-04T00:00:00Z,109584.77,109767.59,107245,107984.24,11793.86615,2025-07-04T23:59:59Z,1276215111.66836,1975212,4787.79822,518313226.966756,0,-2218.2697100000005,-1163494.3587379982,0.4059566353481127,0.8651232315455869,0.005970936866523694,108210.07254422334,26897.515816250198,105639.039992165,106025.95450000008,106334.55020000006,96359.04074999999,107262.87500996632,106420.61737977278,104692.38524468882,842.2576301935333,562.7038138382252,279.5538163553081,54.760772464272456,0.017922192999821007,-448785.8015790029,12726152.983391162,0.08011797391086799,57.23594528229241,2676.1892213310025,106025.95450000008,110302.43016856696,101749.4788314332,0.08066846818279538,106734.57996840024,112086.95841106225,101382.20152573823,21.130674558575517,21.32405587816424,10.958069247141294,110529.18,98200,111980,98200,0,0,0,0,0,0,0,0,102909.74676,104364.59,105819.43324,103463.96,105090,106716.04,108613.62102,108979.375,109345.12898,103463.96,105090,106716.04
2025-07-05T00:00:00Z,107984.25,108420.56,107756.31,108198.12,3736.9757,2025-07-05T23:59:59Z,403928702.196747,710020,1803.68528,194976807.363301,0,-129.60514000000012,-1163623.9638779983,0.4826590871329455,0.2776103952146872,0.005263197797245148,108089.73207846843,26899.13042894775,105675.7596238032,106156.1600000001,106429.23460000004,96369.36265000001,107406.75885458688,106552.28424053035,104829.86503901475,854.4746140565258,621.0579738818853,233.4166401746404,55.32282517226463,0.007988963726486276,-445048.82587900286,12727387.127703257,0.07652216635425653,59.36451877926896,2532.4792769502164,106156.1600000001,110529.57692919474,101782.74307080547,0.0823959142680863,106873.9647333145,111938.92328721493,101809.00617941406,20.73478778854954,20.924546076332852,10.207885733265371,110529.18,98200,111980,98200,0,0,0,0,0,0,0,0,102909.74676,104364.59,105819.43324,103463.96,105090,106716.04,108613.62102,108979.375,109345.12898,103463.96,105090,106716.04
2025-07-06T00:00:00Z,108198.12,109700,107800.01,109203.84,6447.607,2025-07-06T23:59:59Z,700733299.511219,1256591,3209.35902,348780644.233174,0,-28.888960000000225,-1163652.8528379982,0.4977597145731742,0.49454430131790506,0.00513103070131809,108681.14317625423,26901.936348049294,105698.97210011158,106276.62550000011,106550.77840000004,96414.3618,107683.23287695812,106748.69577826884,105001.3934688573,934.5370986892813,683.7537988433645,250.78329984591676,57.96730750037543,0.021101842350785605,-438601.21887900284,12730467.301517693,0.09577410455282513,70.7485602030387,2487.3014714537726,106276.62550000011,110842.2465218213,101711.00447817892,0.08591957074928368,107095.85761585597,112070.46055876352,102121.25467294843,23.2776500478489,19.782848975626735,10.058467143690304,110529.18,98200,111980,98200,0,0,0,0,0,0,0,0,102909.74676,104364.59,105819.43324,103463.96,105090,106716.04,108613.62102,108979.375,109345.12898,103463.96,105090,106716.04
2025-07-07T00:00:00Z,109203.85,109700,107513.2,108262.94,9405.37601,2025-07-07T23:59:59Z,1020848316.0537,1961940,3920.92229,425664101.802238,0,-1563.53143,-1165216.3842679982,0.4168809716731357,0.745604913925486,0.004793916230873523,108538.80960934596,26906.02198321,105875.84143628328,106462.21400000011,106586.95200000005,96468.36720000001,107772.41858819533,106860.86201691559,105129.29725439231,911.5565712797397,729.3143533306395,182.24221794910022,54.70494215656575,0.01135336162168632,-448006.59488900285,12727511.154161194,0.12010003689408735,60.85477262266289,2465.837080635646,106462.21400000011,111033.9502863208,101890.47771367941,0.08588467428116214,107207.00831910779,112138.68248037908,102275.33415783649,21.803112672274718,19.360502275989308,9.763855664496706,110529.18,98200,111980,98200,0,0,0,0,0,0,0,0,102909.74676,104364.59,105819.43324,103463.96,105090,106716.04,108613.62102,108979.375,109345.12898,103463.96,105090,106716.04
2025-07-08T00:00:00Z,108262.94,109216.56,107429.57,108922.98,9216.0208,2025-07-08T23:59:59Z,1000112813.43989,1723244,4371.98866,474674358.997489,0,-472.0434800000003,-1165688.4277479982,0.4743900599703508,0.7446211100449605,0.005348064928704235,108518.94056487914,26910.02399271443,106045.1031329235,106664.02400000012,106653.93680000005,96523.9549,107949.42803616528,107013.61149714407,105278.06912676909,935.8165390212089,770.6147904687534,165.20174855245546,56.55220492993082,0.01515599860909167,-438790.57408900285,12733699.022160714,0.12749625657888466,59.44611484853322,2417.3480034473855,106664.02400000012,111295.71256583919,102032.33543416105,0.08684631222686784,107370.43419347848,112205.13020037324,102535.73818658371,20.651852688823418,18.585330951145522,9.442633352239246,110529.18,98200,111980,98200,0,1,0,0,0,0,0,0,102909.74676,104364.59,105819.43324,103463.96,105090,106716.04,113460.75026,115323.785,117186.81974,103463.96,105090,106716.04
2025-07-09T00:00:00Z,108922.99,111999.79,108324.53,111233.99,17282.2865,2025-07-09T23:59:59Z,1902054744.19492,2328484,8935.70327,983405508.748213,0,589.1200400000016,-1165099.3077079982,0.517044042175785,1.3441952597192275,0.007422119499210645,110058.04956392317,26917.66919477057,106435.25054252784,106992.79400000014,106741.61680000005,96593.6649,108454.74526137063,107326.23212698525,105511.63465120952,1128.5131343853718,842.1944592520771,286.31867513329473,62.34301888944088,0.026551693555733058,-421508.28758900287,12743779.21955589,0.15821165836137455,59.766903563272294,2507.1988603440004,106992.79400000014,111931.69517960171,102053.89282039857,0.0923221274061048,107738.39188933767,112752.78961002568,102723.99416864966,26.418734466404967,16.63933671511093,10.390453321924753,111999.79,98200,111999.79,98200,0,0,0,0,0,0,0,0,103471.51978,105099.89499999999,106728.27021999999,103471.51978,105099.89499999999,106728.27021999999,113460.75026,115323.785,117186.81974,103471.51978,105099.89499999999,106728.27021999999
2025-07-10T00:00:00Z,111234,116868,110500,116010,24883.450665,2025-07-10T23:59:59Z,2826460280.44522,3227017,12900.135467,1465777460.94107,0,916.8202689999998,-1164182.4874389982,0.5184222896041014,1.8737262143935935,0.007710976008183409,113587.95524371539,26929.141723933433,107526.21219705974,107628.39450000013,106868.93700000005,96697.78355000001,109617.09214423668,107969.47419165302,105923.33525312287,1647.6179525836633,1003.2791579183943,644.338794665269,70.95787989052717,0.0827231874116281,-396624.83692400286,12761957.268000234,0.2552381645839932,63.80814022212498,2782.9703703194286,107628.39450000013,113654.04619662906,101602.74280337119,0.11197141283435065,108526.16409035312,114092.10483099199,102960.22334971426,34.595673300118165,13.919752907107755,12.692364413671937,116868,98200,116868,98200,0,0,0,0,0,0,0,0,105331.176,107534,109736.824,105331.176,107534,109736.824,113460.75026,115323.785,117186.81974,105331.176,107534,109736.824
2025-07-11T00:00:00Z,116010.01,118869.98,115222.22,117527.66,25873.521148,2025-07-11T23:59:59Z,3039521803.02724,3708194,12502.931168,1468374333.95021,0,-867.6588120000015,-1165050.1462509981,0.4832326878309899,1.8459777343751897,0.006977391460101602,117476.15585991442,26941.602590181785,108664.45041914933,108398.77700000015,106985.56600000005,96811.0145,110834.10258358488,108677.48795523428,106378.40681182394,2156.6146283506096,1233.9462520048373,922.6683763457722,73.0664602293122,0.11209682257401843,-370751.3157760028,12768788.66745855,0.2735511022417893,74.09722140078058,2844.7410581537547,108398.77700000015,115288.27285323777,101509.28114676253,0.12711390375257847,109383.4494150814,115072.93153138891,103693.96729877389,36.45377078220343,12.644820953060366,15.249490075514789,118869.98,98200,118869.98,98200,0,0,0,0,0,0,0,0,106095.93236,108534.98999999999,110974.04764,106095.93236,108534.98999999999,110974.04764,113460.75026,115323.785,117186.81974,106095.93236,108534.98999999999,110974.04764
2025-07-12T00:00:00Z,117527.66,118200,116900.05,117420,8446.60437,2025-07-12T23:59:59Z,993093353.40689,1441851,3784.55219,444996040.905978,0,-877.4999899999993,-1165927.646240998,0.4480560500077027,0.6496802918006191,0.005858167293291747,117573.08735023541,26945.674145140347,109800.18933767173,109221.58350000014,107187.60000000005,96904.79660000002,111847.31757072567,109325.08144003173,106811.41046626221,2522.236130693942,1491.6042277426582,1030.6319029512838,72.66342568154724,0.07873616439564302,-379197.92014600284,12767098.956726275,0.2814322870908716,74.95129452486941,2734.3988397142007,109221.58350000014,116291.09801157928,102152.068988421,0.12945270128919398,110148.83518507365,115617.63286450205,104680.03750564525,35.215888890211446,12.21543341510734,17.623963904368868,118869.98,99613.33,118869.98,98200,0,0,0,0,0,0,0,0,106969.3703,109241.655,111513.9397,106095.93236,108534.98999999999,110974.04764,113460.75026,115323.785,117186.81974,106095.93236,108534.98999999999,110974.04764
2025-07-13T00:00:00Z,117420,119488,117224.79,119086.64,9550.792947,2025-07-13T23:59:59Z,1132096857.01169,1650283,4766.474307,565024389.372391,0,-17.844332999999097,-1165945.490573998,0.4990658192937999,0.7896228948627096,0.005787366740734771,118534.33147320955,26950.3263423435,110677.62630232032,109909.21900000013,107414.09460000004,97003.08180000001,112961.05948292173,110048.15985188124,107292.79201660487,2912.899631040491,1775.8633084022247,1137.0363226382663,74.96557717391981,0.08670784391774111,-369647.12719900283,12773262.254692953,0.239825731554292,75.45012664444418,2700.74249402033,109909.21900000013,117942.13647177968,101876.30152822057,0.14617367942136947,111000.05469125712,116401.53967929777,105598.56970321646,36.51444840574927,11.484256416807904,20.089940797124786,119488,104622.02,119488,98200,0,0,0,0,0,0,0,0,110300.82436,112055.01000000001,113809.19564,106332.016,108844,111355.984,113460.75026,115323.785,117186.81974,106332.016,108844,111355.984
2025-07-14T00:00:00Z,119086.65,123218,118905.18,119841.18,27269.348877,2025-07-14T23:59:59Z,3299746181.07707,4076133,14099.580747,1705505292.66472,0,929.8126169999996,-1165015.677956998,0.5170486765414527,2.142760884653563,0.00669000468753105,121005.6828258265,26963.965021570508,111923.8801256695,110597.12800000014,107630.83440000004,97123.3297,114019.53956247223,110773.56875174188,107784.88566301252,3245.970810730345,2069.8848088678487,1176.0860018624962,75.95294037979926,0.1098025045136215,-342377.77832200285,12757829.296181826,0.12402557794173522,82.69858969512941,2815.8908873045925,110597.12800000014,119509.79692873283,101684.45907126745,0.1611736053169966,111842.0666254231,117473.8484000323,106210.28485081391,41.98137484096187,10.227878322886905,22.999207310271352,123218,105100.19,123218,98200,1,0,0,0,0,0,0,0,112021.19342,114159.095,116296.99658,107756.876,110709,113661.124,118594.69256,119477.45999999999,120360.22744,107756.876,110709,113661.124
2025-07-15T00:00:00Z,119841.17,119940.83,115736.92,117758.09,32018.46083,2025-07-15T23:59:59Z,3755258445.55327,3805374,15667.30508,1837578524.92386,0,-683.8506699999998,-1165699.5286269982,0.4893209940098173,2.373120739536152,0.008414011561018706,117284.16507875184,26979.340385989788,112899.81486832292,111118.00350000014,107797.30040000002,97240.625,114594.70116824574,111290.9406960573,108175.99171544341,3303.760472188442,2316.6599415319674,987.1005306564743,67.98143844991921,0.08835615628071913,-374396.23915200285,12756598.722093346,0.09280297248959107,73.81044495993032,2915.035109639979,111118.00350000014,120417.74955379235,101818.25744620792,0.16738504582278974,112405.49742300186,118235.56764228182,106575.42720372189,37.65685154144502,16.9376460747666,24.06719874011789,123218,105100.19,123218,98200,0,1,0,0,0,0,0,0,112021.19342,114159.095,116296.99658,107756.876,110709,113661.124,117460.07616,117992.36,118524.64384,107756.876,110709,113661.124
2025-07-16T00:00:00Z,117758.08,120063.84,117017.29,118630.43,17039.90851,2025-07-16T23:59:59Z,2023850383.72348,2429625,8355.96881,992430971.36759,0,-327.9708900000005,-1166027.4995169982,0.4903763893506961,1.2333937856375832,0.007013390342130988,118771.20012327342,26987.65557566657,113481.00869783048,111702.17200000014,107991.14560000002,97357.27715,115215.58252697716,111834.60657042342,108585.96968738681,3380.975956553739,2529.5231445363215,851.4528120174173,69.42846101054963,0.08632104878363256,-357356.33064200287,12757603.984687593,0.11532356890671502,73.92813806661205,2924.429030379981,111702.17200000014,121342.10051462089,102062.24348537938,0.1726005563190077,112998.34814462073,118847.20620538069,107149.49008386077,35.155203722830805,15.677292952034234,25.08510112896442,123218,105100.19,123218,98200,0,0,0,0,0,0,0,0,112021.19342,114159.095,116296.99658,107756.876,110709,113661.124,117460.07616,117992.36,118524.64384,107756.876,110709,113661.124
2025-07-17T00:00:00Z,118630.44,120998.71,117453.57,119177.56,15728.57651,2025-07-17T23:59:59Z,1869114355.12316,2347985,7696.17927,914659207.574427,0,-336.2179700000015,-1166363.7174869983,0.48931187543302984,1.1242509710843303,0.006698755107038589,118835.5700170835,26995.33490227467,114082.4804129443,112308.67050000015,108219.06120000001,97484.47395,115825.11752282683,112378.52904668835,109001.32617023439,3446.5884761384805,2712.9362108567534,733.6522652817271,70.33402984073228,0.10081584704793722,-341627.7541320029,12757172.918920456,0.11224435004228914,74.38785231807174,2968.7655282099827,112308.67050000015,122223.31212116504,102394.02887883526,0.1765605732313406,113586.8445117997,119524.37556821966,107649.31345537974,34.40589951757335,14.340080136811972,26.233597468519807,123218,105100.19,123218,98200,0,0,0,0,0,0,0,0,112021.19342,114159.095,116296.99658,107756.876,110709,113661.124,117460.07616,117992.36,118524.64384,107756.876,110709,113661.124
2025-07-18T00:00:00Z,119177.56,120820.71,116812.76,117924.84,19924.66266,2025-07-18T23:59:59Z,2367355518.4703,2805236,8951.37863,1063782057.47856,0,-2021.9054000000033,-1168385.6228869983,0.4492612388349464,1.3442268368863806,0.007102668959046584,118815.33749742793,27005.05894150969,114415.85948045921,112840.07300000013,108465.763,97610.13789999999,116148.15175008423,112789.3668950818,109351.26788904873,3358.7848550024355,2842.10593968589,516.6789153165455,65.54659921599537,0.08264426845464556,-361552.41679200286,12748305.190030055,0.07307742065522989,71.3295909378792,3042.992990480699,112840.07300000013,122762.52465014286,102917.6213498574,0.17586751561464722,113999.98693924735,120085.97292020875,107914.00095828595,31.169022314230695,14.495159500083895,26.967918734141684,123218,105100.19,123218,98200,0,0,0,0,0,0,0,0,112021.19342,114159.095,116296.99658,107756.876,110709,113661.124,117460.07616,117992.36,118524.64384,107756.876,110709,113661.124
2025-07-19T00:00:00Z,117924.84,118499.9,117277.34,117840,6635.80306,2025-07-19T23:59:59Z,783327898.496969,1133382,2978.3832,351626384.05029,0,-679.0366599999998,-1169064.6595469983,0.4488353818023044,0.4479836964612909,0.005854868932098798,118045.68209969887,27008.269878750612,114632.2797360331,113314.22650000014,108742.85339999999,97731.4579,116408.43609622512,113163.48786581648,109684.15934438015,3244.9482304086414,2922.6743978304403,322.2738325782011,65.22280595694997,0.05938841176154863,-368188.21985200286,12747777.391402949,0.054119238519941326,70.32095656212681,2912.9620625892203,113314.22650000014,123240.75158950346,103387.70141049681,0.1752035096758713,114365.70246884284,120191.62659402128,108539.7783436644,30.2346273311535,14.060618943141298,27.64978848079057,123218,105100.19,123218,98200,0,0,0,0,0,0,0,0,112021.19342,114159.095,116296.99658,107756.876,110709,113661.124,117460.07616,117992.36,118524.64384,107756.876,110709,113661.124
2025-07-20T00:00:00Z,117840.01,118856.8,116467.02,117265.12,12962.92889,2025-07-20T23:59:59Z,1528864683.81608,1615935,6581.33371,776457462.981825,0,199.73853000000054,-1168864.9210169984,0.5077042206932912,0.8657513227630592,0.00802193707667697,117941.29990140525,27014.5345457003,114990.07799930961,113820.15750000013,108996.31820000001,97844.82455,116540.2336198828,113467.3124683486,109981.45191911035,3072.921151534203,2952.723748571193,120.19740296301006,62.95347130357087,0.010819067321782505,-381151.14874200284,12743472.760387322,0.058649887479228294,65.67769163996113,2875.5919152614188,113820.15750000013,123465.14466947863,104175.17033052164,0.16947766338275336,114641.83747181018,120393.02130233301,108890.65364128735,28.4398637328444,15.238766793336596,27.833606382158507,123218,105100.19,123218,98200,0,0,0,0,0,0,0,0,112021.19342,114159.095,116296.99658,107756.876,110709,113661.124,117460.07616,117992.36,118524.64384,107756.876,110709,113661.124
2025-07-21T00:00:00Z,117265.11,119676.73,116515,117380.36,17107.33128,2025-07-21T23:59:59Z,2020783266.96336,2509543,8426.31812,995117241.667909,0,-254.6950399999987,-1169119.6160569983,0.4925559680866834,1.1178978983505934,0.006816910999333344,118123.81685306093,27022.817372753063,115443.2127410957,114405.11850000013,109231.06680000002,97946.8024,116669.48383220853,113757.1678410635,110271.60517718445,2912.3159911450202,2944.6421970859583,-32.32620594093805,63.22966097508163,-0.0012533219839483412,-364043.81746200286,12735729.92272092,0.05350756168918855,70.44773792763564,2896.0303498856033,114405.11850000013,123401.97057216811,105408.26642783215,0.15728058657039845,114902.6491411616,120694.7098409328,109110.5884413904,28.24437026167273,14.050419289228842,28.24260403114264,123218,105100.19,123218,98200,0,0,0,0,0,0,0,0,112021.19342,114159.095,116296.99658,107756.876,110709,113661.124,117460.07616,117992.36,118524.64384,107756.876,110709,113661.124
2025-07-22T00:00:00Z,117380.36,120247.8,116128,119954.42,20959.12973,2025-07-22T23:59:59Z,2481252763.65191,2778733,10811.45507,1280627214.62852,0,663.7804099999994,-1168455.8356469984,0.5158351138275052,1.3551319148424896,0.007542692921558135,118385.29536368826,27032.992186059837,116125.99381705816,114960.35950000011,109512.99540000001,98055.70360000001,117174.85862725337,114216.22355654028,110651.32340553016,2958.6350707130914,2947.440771811385,11.194298901706588,68.82106952725438,0.021584227559189317,-343084.6877320029,12753703.961193971,0.07560652683203187,71.91254227250518,2983.4424677509173,114960.35950000011,123887.64179658848,106033.07720341174,0.1553106189892936,115383.77017533669,121350.65511083852,109416.88523983485,26.825727266816532,12.664558157009374,28.786695198032344,123218,107245,123218,98200,0,0,1,0,0,0,0,0,113346.686,115231.5,117116.314,107756.876,110709,113661.124,116833.57248,117485.48000000001,118137.38752,107756.876,110709,113661.124
2025-07-23T00:00:00Z,119954.43,120090,117301,118755.99,14558.75083,2025-07-23T23:59:59Z,1722126986.88666,2101404,7070.08701,836266328.744683,0,-418.5768100000005,-1168874.4124569984,0.4856245630244089,0.9367317683200768,0.006928106556378498,118288.10088143118,27040.051021183423,116523.73109663572,115418.92000000013,109780.57740000002,98158.38105000001,117418.10960767593,114552.50255235212,110969.15346805839,2865.6070553238096,2931.07402851387,-65.46697319006034,63.94563648502562,-0.0027765499135754546,-357643.43856200285,12754335.484204158,0.07496096942123034,65.95444662179278,2969.553720054423,115418.92000000013,124134.26563059032,106703.57436940994,0.15102109135296332,115704.93396816176,121644.0414082706,109765.82652805292,25.026107323882098,11.81494870556311,29.291922710144213,123218,107245,123218,98200,0,0,0,0,0,0,0,0,113346.686,115231.5,117116.314,107756.876,110709,113661.124,116833.57248,117485.48000000001,118137.38752,107756.876,110709,113661.124
2025-07-24T00:00:00Z,118756,119450,117103.1,118340.99,15806.89043,2025-07-24T23:59:59Z,1873181653.2018,2081435,7651.73992,906619084.603593,0,-503.4105899999995,-1169377.8230469984,0.4840762295332745,1.004076111828141,0.0075942272662850386,118504.12081345718,27047.73192329595,116934.83799669934,115936.75750000014,110053.46000000002,98258.26795,117560.09120649501,114833.13125217789,111258.24509676198,2726.9599543171207,2890.25121367452,-163.2912593573992,62.29975623407141,-0.012518151106322484,-373450.3289920029,12755203.519501196,0.09226656398061946,58.32822242840961,2925.0784543362497,115936.75750000014,124032.27675644793,107841.23824355235,0.13965405676362444,115955.98692357492,121806.14383224741,110105.83001490243,23.591865664206033,11.62109546511612,29.627881968167976,123218,107429.57,123218,98200,0,0,0,0,0,0,0,0,113460.75026,115323.785,117186.81974,107756.876,110709,113661.124,116833.57248,117485.48000000001,118137.38752,107756.876,110709,113661.124
2025-07-25T00:00:00Z,118340.98,118451.57,114723.16,117614.31,38406.34873,2025-07-25T23:59:59Z,4456778786.62049,3282355,17042.77355,1977873720.89647,0,-4320.8016299999945,-1173698.6246769982,0.443748862194951,2.1976385444713253,0.011700851592835022,116042.76204312043,27065.886889132144,117102.90936007987,116407.56700000013,110375.57260000001,98335.16149999999,117568.43255934193,115039.1444927573,111507.50254394779,2529.2880665846315,2818.0585842565424,-288.77051767191097,59.41592414337258,-0.001220977683996094,-411856.67772200285,12776360.63891485,0.14011495424013395,45.531562771441855,2982.4592790265183,116407.56700000013,123703.88936795629,109111.24463204396,0.12535821434969352,116113.92245466303,122078.84101271606,110149.00389661,21.485259297927733,16.28325447179921,28.49541828025397,123218,107429.57,123218,98200,0,0,0,1,0,0,0,0,113460.75026,115323.785,117186.81974,107756.876,110709,113661.124,116662.51288000001,117261.58,117860.64712000001,107756.876,110709,113661.124
2025-07-26T00:00:00Z,117614.31,118297.35,117138.38,117919.99,6991.67206,2025-07-26T23:59:59Z,823629079.74931,790372,3167.88355,373290310.216435,0,-655.9049599999998,-1174354.5296369982,0.4530938411891132,0.3994466651919399,0.008846052314606287,117801.4461606928,27069.256417389242,117264.7147140412,116843.37450000015,110648.20360000001,98439.98839999997,117622.51831944317,115252.54045625676,111758.97264026356,2369.9778631864174,2728.4424400425173,-358.46457685609994,60.24948043330188,-0.0059886826676762706,-404865.00566200283,12778799.34175466,0.13806477283903548,45.2264831207125,2852.2100448103383,116843.37450000015,123366.8210980015,110319.9279019988,0.11166138646571423,116285.92888755226,121990.34897717294,110581.50879793159,20.86166339516888,15.810643430368902,27.44384485576239,123218,107429.57,123218,98200,0,0,0,0,0,0,0,0,113460.75026,115323.785,117186.81974,107756.876,110709,113661.124,116662.51288000001,117261.58,117860.64712000001,107756.876,110709,113661.124
2025-07-27T00:00:00Z,117919.99,119766.65,117825.5,119415.55,9328.30919,2025-07-27T23:59:59Z,1107883542.16079,1095080,5238.30358,622261561.250727,0,1148.2979699999996,-1173206.2316669982,0.561549094622152,0.5330602543182899,0.008518381478978704,118765.73981364677,27073.799437175632,117563.94753130506,117401.00500000015,110925.4716,98561.76309999998,117898.36934722115,115560.91153357107,112059.2305759395,2337.4578136500786,2650.2455147640294,-312.7877011139508,64.1311472736441,0.001996936336001509,-395536.69647200283,12784753.188016387,0.16355296819093074,45.185376670461146,2787.1343273238854,117401.00500000015,122683.99605977478,112118.01394022552,0.0899990772612999,116583.98804111872,122158.2566957665,111009.71938647094,23.589359649270374,15.024100005922904,27.068002868462553,123218,107429.57,123218,98200,0,0,0,0,0,0,0,0,113460.75026,115323.785,117186.81974,107756.876,110709,113661.124,116662.51288000001,117261.58,117860.64712000001,107756.876,110709,113661.124
2025-07-28T00:00:00Z,119415.56,119800,117427.5,118062.32,13961.74754,2025-07-28T23:59:59Z,1655882235.89651,1824777,7224.91774,857128354.223408,0,488.08793999999943,-1172718.1437269982,0.5174794716278045,0.7871615447303743,0.007651207539332203,118601.35926054066,27080.585978171093,117808.05401892641,117857.97200000014,111172.038,98689.31225,117923.59252457174,115746.20104960284,112294.64584747129,2177.3914749688993,2555.6747068050036,-378.2832318361043,58.55901203406964,0.0011658273184853574,-409498.44401200284,12778263.049811132,0.12562570961911837,36.24101193428912,2757.517589657894,117857.97200000014,121433.83624616955,114282.10775383073,0.060680905762902596,116724.78156101218,122239.81674032797,111209.74638169639,22.13966663610017,15.13173622480564,26.477604993925755,123218,108324.53,123218,98200,0,0,1,0,0,0,0,0,114013.83554,115771.265,117528.69446,107756.876,110709,113661.124,114930.16,115860,116789.84,107756.876,110709,113661.124
2025-07-29T00:00:00Z,118062.32,119273.36,116950.75,117950.76,15137.93445,2025-07-29T23:59:59Z,1788682083.68564,1956694,7988.93736,944162800.074587,0,839.9402699999991,-1171878.2034569983,0.5277428955969616,0.8586653715980079,0.007736485342112768,118158.92647663302,27087.90753821188,118136.40824965901,118193.81050000011,111325.79280000001,98805.4355,117927.77213617608,115909.50171259521,112516.45424560967,2018.2704235808633,2448.1938501601753,-429.92342657931204,58.11075129654269,0.0009399185336047555,-424636.37846200285,12776160.524516646,0.09183784402288958,38.952427917775076,2726.4527618251873,118193.81050000011,120081.12328013078,116306.49771986944,0.031935898709868016,116841.54141234435,122294.44693599473,111388.63588869397,20.79249988507317,15.459998392890936,25.63701429477384,123218,110500,123218,98200,0,0,0,0,0,0,0,0,115358.276,116859,118359.724,107756.876,110709,113661.124,114930.16,115860,116789.84,107756.876,110709,113661.124
2025-07-30T00:00:00Z,117950.75,118792,115796.23,117840.3,15586.73631,2025-07-30T23:59:59Z,1832696878.22298,1997369,7803.61434,917632890.233652,0,20.492369999999937,-1171857.7110869982,0.5006573656470615,0.908065395611399,0.007803633835310351,117580.54038850806,27095.39706478172,118277.09468285344,118285.32550000011,111477.11100000002,98921.63705000002,117914.31488445667,116052.52380795853,112725.23251048772,1861.7910764981498,2330.91329542777,-469.12221892962043,57.64026804402507,0.004904953834524717,-440223.11477200285,12781844.032644091,0.05792900593362073,31.562524228405238,2745.689707409103,118285.32550000011,119897.66473970455,116672.98626029567,0.027261864189644314,116936.66127783536,122428.04069265357,111445.28186301715,19.17204970371071,17.258594113614475,24.180965015752573,123218,114723.16,123218,98200,0,0,0,0,0,0,0,0,117968.18888,118970.58,119972.97112,107756.876,110709,113661.124,114930.16,115860,116789.84,107756.876,110709,113661.124
2025-07-31T00:00:00Z,117840.29,118922.45,115500,115764.08,17010.0073,2025-07-31T23:59:59Z,2002870016.70224,1859532,8313.51616,979519362.068542,0,-382.9749800000027,-1172240.6860669982,0.4887426568006234,1.0172477587467341,0.009147466835741467,117746.57008537791,27103.5840622754,118207.25720360447,118197.1465000001,111619.49020000001,99027.73215000001,117583.50951761719,116031.1575999616,112844.40300027252,1552.3519176555856,2175.2010198733333,-622.8491022177477,49.523999572084996,-0.013769594845338684,-457233.12207200285,12767459.047026094,-0.003975757861369691,24.34252008149393,2794.0297283084524,118197.1465000001,120127.18796380391,116267.1050361963,0.0326580043758299,116824.98687042246,122413.04632703937,111236.92741380556,17.494611229307722,16.50587496684071,22.661467960814917,123218,114723.16,123218,98200,0,0,0,0,0,0,0,0,117968.18888,118970.58,119972.97112,107756.876,110709,113661.124,114930.16,115860,116789.84,107756.876,110709,113661.124
2025-08-01T00:00:00Z,115764.07,116052,112722.58,113297.93,24487.10206,2025-08-01T23:59:59Z,2810268577.15136,4160829,11487.2212,1318593418.06125,0,-1512.6596600000012,-1173753.345726998,0.4691131344106465,1.3973767470394076,0.005885149824710413,114765.25765545652,27114.979668096363,117883.22160915549,117991.0430000001,111772.0142,99121.54130000001,116924.18959182993,115828.69629626075,112862.18837281085,1095.4932955691766,1959.259475012502,-863.7661794433254,41.96523419369571,-0.055491827645867575,-481720.22413200286,12751435.07318075,-0.04469362397644647,23.95256393821107,2832.271890572134,117991.0430000001,120860.68035817423,115121.40564182599,0.048641613553227395,116489.076692287,122153.62047343126,110824.53291114273,16.025651459061848,22.124459077192412,22.18467333815524,123218,112722.58,123218,98200,0,0,0,0,0,0,0,0,116731.83044,117970.29000000001,119208.74956,107756.876,110709,113661.124,114930.16,115860,116789.84,107756.876,110709,113661.124
2025-08-02T00:00:00Z,113297.92,114063.49,112003,112546.35,11507.33428,2025-08-02T23:59:59Z,1301882737.32672,2165714,5060.00835,572586383.071731,0,-1387.317579999999,-1175140.663306998,0.43972028854627143,0.6530299616585652,0.005313413627099423,113135.04115279079,27120.23425062246,117676.35222864673,117664.0285000001,111901.6094,99201.46875000001,116250.67580847148,115585.55953357476,112849.80255426925,665.1162748967181,1700.4308349893452,-1035.314560092627,39.9633565852193,-0.05228906769250119,-493227.55841200287,12745996.693451403,-0.07736469619690277,23.500907547113115,2777.144612674125,117664.0285000001,121337.70982125773,113990.34717874248,0.06244357545955721,116113.57891206919,121667.86813741745,110559.28968672093,15.176354295961684,22.802719278996367,22.034370938287942,123218,112003,123218,98200,0,0,0,0,0,0,0,0,116287.13,117610.5,118933.87,107756.876,110709,113661.124,114930.16,115860,116789.84,107756.876,110709,113661.124
2025-08-03T00:00:00Z,112546.35,114799.97,111920,114208.8,7397.76046,2025-08-03T23:59:59Z,841090034.154254,1419281,3738.18331,425246221.29553,0,78.60615999999936,-1175062.0571469981,0.5053128349062548,0.444901275315389,0.005212329665513736,113695.22421036243,27123.633941261538,117421.70275829677,117382.4095000001,112077.4926,99270.02600000001,115936.54106870663,115483.57734590257,112903.09657174889,452.9637228040665,1450.9374125522895,-997.973689748223,46.08940033913553,-0.03491765617306397,-485829.79795200285,12750357.384739753,-0.022468035749439615,27.24818473781238,2784.4892831974016,117382.4095000001,121205.81380404324,113559.00519595695,0.06514441678832873,115932.17139663403,121501.14996302883,110363.19283023923,15.944398575569819,21.118102902787577,21.457587588125556,120998.71,111920,123218,98200,0,0,0,1,0,0,0,0,115388.06722,116459.35500000001,117530.64278000001,107756.876,110709,113661.124,114024.4571,114674.525,115324.5929,107756.876,110709,113661.124
2025-08-04T00:00:00Z,114208.81,115720,114107.6,115055.03,9667.67916,2025-08-04T23:59:59Z,1109938874.06297,1954230,4715.29351,541443274.809374,0,-237.09213999999884,-1175299.1492869982,0.4877378977893181,0.6233058059460169,0.004947052885279624,114809.23763537162,27128.133551784744,117313.22397941792,117247.25650000009,112266.713,99345.36465000002,115800.9239812133,115451.83309805793,112987.48611795482,349.0908831553679,1230.5681066729053,-881.4772235175374,48.945181574859944,-0.021759937204920088,-476162.11879200285,12752050.967383968,-0.014660405395436431,24.697977669687177,2700.7686201118727,117247.25650000009,121196.99915469674,113297.51384530345,0.06737458551444472,115848.63412076412,121250.17136098786,110447.09688054038,17.69771563509863,20.21754368348958,20.3996132621289,120998.71,111920,123218,98200,0,0,0,0,0,0,0,0,115388.06722,116459.35500000001,117530.64278000001,107756.876,110709,113661.124,114024.4571,114674.525,115324.5929,107756.876,110709,113661.124
2025-08-05T00:00:00Z,115055.03,115127.81,112650,114129.75,12042.79078,2025-08-05T23:59:59Z,1371861747.14661,2581052,5622.66754,640570774.101068,0,-797.4556999999986,-1176096.6049869983,0.4668907434095605,0.7891491548770749,0.004665845856650698,113915.60081114438,27133.680840808778,117114.07230811803,117022.22250000008,112413.4174,99395.62600000002,115543.82029179587,115353.90101672031,113032.28077999581,189.91927507556102,1022.4383403534364,-832.5190652778754,46.071413282889495,-0.032142472196614036,-488204.9095720028,12754392.104069516,-0.010523527816860914,15.734459591811216,2684.843004389596,117022.22250000008,121140.35817078697,112904.08682921318,0.0703821134620289,115684.93087116754,121054.61687994673,110315.24486238835,16.531071820541225,22.762645095091294,20.075280600209304,120998.71,111920,123218,98200,0,0,0,0,0,0,0,0,115388.06722,116459.35500000001,117530.64278000001,107756.876,110709,113661.124,114024.4571,114674.525,115324.5929,107756.876,110709,113661.124
2025-08-06T00:00:00Z,114129.75,115716,113355.13,114992.27,9761.15318,2025-08-06T23:59:59Z,1118028732.85891,2026500,4872.24748,558193207.677072,0,-16.658219999999346,-1176113.2632069984,0.499146708401517,0.6523917644578233,0.004816754591660498,114538.59111131275,27138.208889603706,116936.40022824111,116812.95800000007,112622.23939999999,99447.8062,115458.96640075035,115327.11353400028,113109.14310234891,131.852866750065,844.3212456327622,-712.4683788826972,49.073128488120624,-0.037041072121679286,-478443.7563920028,12758168.650396142,0.0033275116288675314,20.77992546524615,2661.7020755046246,116812.95800000007,120896.94139392313,112728.97460607701,0.06992346506494694,115618.96316915158,120942.36732016083,110295.55901814233,17.06218440268439,21.320505430824564,19.43378761901738,120820.71,111920,123218,98200,0,0,0,0,0,0,0,0,115320.07122,116370.35500000001,117420.63878000001,107756.876,110709,113661.124,114024.4571,114674.525,115324.5929,107756.876,110709,113661.124
2025-08-07T00:00:00Z,114992.27,117621,114259,117472.01,13468.56263,2025-08-07T23:59:59Z,1564454297.83692,2314671,7008.73753,814088870.444632,0,548.9124300000003,-1175564.3507769983,0.5203775430637768,0.92002786348656,0.0058187805653589645,116155.99532144879,27144.571585057987,116893.77374871522,116790.31650000007,112873.94399999999,99528.50840000002,115768.66541601952,115485.99475370397,113280.23592186465,282.6706623155478,731.9911289693193,-449.3204666537715,56.55943446336094,-0.004999986447835503,-464975.1937620028,12770443.470523914,0.07561250396040324,27.637440804090247,2711.7233558257226,116790.31650000007,120854.36416250531,112726.26883749483,0.069595627176937,115795.44381970857,121218.89053136001,110371.99710805713,20.56909860363104,19.43241936227759,18.24863066533434,120247.8,111920,123218,98200,0,0,0,0,0,0,0,0,115101.2196,116083.9,117066.5804,107756.876,110709,113661.124,114024.4571,114674.525,115324.5929,107756.876,110709,113661.124
2025-08-08T00:00:00Z,117472.02,117630,115878.71,116674.74,10045.31278,2025-08-08T23:59:59Z,1172199778.72425,2095304,4584.90574,534970598.46875,0,-875.5012999999999,-1176439.8520769982,0.45642239723271216,0.6782893992708634,0.00479420302734114,116691.21752565778,27149.345038947005,116865.14659508788,116732.05350000008,113114.26699999999,99600.58205,115908.06150586267,115574.0499571333,113413.35372885034,334.01154872936604,652.3952129213287,-318.3836641919627,53.82007615446078,-0.010818243138068673,-475020.5065420028,12769530.135123177,0.07344049803936988,37.847338025152006,2643.1209732667417,116732.05350000008,120767.54722318427,112696.55977681589,0.06914114165196601,115879.18631306966,121165.42825960314,110592.94436653618,19.619937769883173,18.51273274803929,17.152554199307954,120247.8,111920,123218,98200,0,0,0,0,0,0,0,0,115101.2196,116083.9,117066.5804,107756.876,110709,113661.124,114024.4571,114674.525,115324.5929,107756.876,110709,113661.124
2025-08-09T00:00:00Z,116674.74,117944.05,116299.13,116462.25,9514.13144,2025-08-09T23:59:59Z,1111837601.70237,1390951,4869.85416,569228301.116994,0,225.57688000000053,-1176214.2751969981,0.5118548330671371,0.6499907216609484,0.006840019123606798,116861.7029010028,27153.87421743876,116834.34167587974,116691.91000000008,113377.55219999999,99652.1742,115993.32127419149,115639.8425529012,113532.91828850326,353.4787212902884,592.6119145951207,-239.13319330483228,53.08215478904,-0.011694216664417834,-484534.6379820028,12761902.958818372,0.0629561303315124,38.71185880598703,2571.8209037476886,116691.91000000008,120721.36286540641,112662.45713459374,0.06906139192350746,115934.7161880154,121078.35799551079,110791.07438052002,19.59582400355268,17.666973889916356,16.297110519839396,120247.8,111920,123218,98200,0,0,0,0,0,0,0,0,115101.2196,116083.9,117066.5804,107756.876,110709,113661.124,114024.4571,114674.525,115324.5929,107756.876,110709,113661.124
2025-08-10T00:00:00Z,116462.25,119311.11,116460.63,119294.01,14322.77073,2025-08-10T23:59:59Z,1694198747.87187,2317065,8023.43513,949082473.721322,0,1724.0995299999995,-1174490.1756669981,0.5601873604800766,0.9879063188640889,0.0061814281127201874,118287.08144599826,27160.799997675105,116923.62350606904,116787.59250000007,113721.03219999999,99730.11095,116501.11953970049,115910.52162305667,113758.84345366,590.5979166438192,592.2091150048603,-1.611198361041147,60.79641360187802,0.03049244636160009,-470211.8672520028,12776053.885241812,0.139066309609325,40.39214888660546,2591.7251249085675,116787.59250000007,120966.0206772943,112609.16432270584,0.07155602898988146,116254.64893201394,121438.09918183107,111071.1986821968,21.824028100874735,16.27905786303817,16.172498979413568,120247.8,111920,123218,98200,0,0,0,0,0,0,0,0,115101.2196,116083.9,117066.5804,107756.876,110709,113661.124,114024.4571,114674.525,115324.5929,107756.876,110709,113661.124
2025-08-11T00:00:00Z,119294.27,122335.16,118050.11,118686,26494.33429,2025-08-11T23:59:59Z,3194611530.54106,4021743,13243.42946,1596640461.64307,0,-7.475370000000112,-1174497.6510369983,0.49985892512115654,1.7932029648345682,0.006587774079547102,120577.15795285454,27173.93045664908,116866.66913357265,116724.17150000008,114075.47479999998,99803.98925000001,116837.25499513118,116116.11261394137,113952.06527900667,721.142381189813,617.9957682418509,103.14661294796213,58.56968148966965,0.04755664997586462,-496706.20154200285,12757422.928150056,0.01258545034342529,51.58330841828306,2712.676901700813,116724.17150000008,120743.8983643647,112704.44463563547,0.06887565467731088,116486.20617658403,121911.55997998566,111060.85237318241,27.32433952112789,14.442269769216388,17.22039096004541,122335.16,111920,123218,98200,0,0,0,0,0,0,0,0,115898.59112,117127.58,118356.56888,107756.876,110709,113661.124,114024.4571,114674.525,115324.5929,107756.876,110709,113661.124
2025-08-12T00:00:00Z,118686,120324.43,118207.47,120134.08,16720.10893,2025-08-12T23:59:59Z,1992762473.58525,2737841,9265.05962,1104367998.19617,0,1810.0103100000015,-1172687.6407269982,0.5541267499385844,1.1234416918036596,0.0061070416178295225,119183.58199268323,27182.09135428695,116957.79805096285,116793.07600000007,114371.4778,99880.30715,117344.45884203407,116413.73982772349,114194.49722884955,930.7190143105836,680.5404174555974,250.17859685498615,62.127475376128174,0.06741871237938857,-479986.09261200286,12771136.20394686,0.05644290085155066,51.10969489353662,2670.1256944364686,116793.07600000007,120992.96298132457,112593.18901867558,0.07192013645268652,116833.62273119508,122173.87412006801,111493.37134232215,25.776939553265144,13.624392075979905,18.193433513489264,122335.16,111920,123218,98200,0,0,0,0,0,0,0,0,115898.59112,117127.58,118356.56888,107756.876,110709,113661.124,114024.4571,114674.525,115324.5929,107756.876,110709,113661.124
2025-08-13T00:00:00Z,120134.09,123667.79,118920.92,123306.43,23210.07102,2025-08-13T23:59:59Z,2811581348.38745,3712817,11931.26825,1446045988.04831,0,652.4654799999989,-1172035.1752469982,0.5140556545354337,1.5216632104106176,0.0062513371976049455,121136.2664924517,27193.657922591083,117369.15144605395,117041.34800000007,114715.94639999999,99973.10504999998,118261.68517402883,116924.30947011434,114551.8279257574,1337.375703914484,811.9074747473747,525.4682291671091,68.50775066920525,0.07965787224802279,-456776.0215920029,12790812.497440286,0.1167270699937681,60.74765555240643,2818.4645734052924,117041.34800000007,122080.9951332381,112001.70086676204,0.08611738021400828,117450.08056631936,123087.00971312994,111813.15141950878,31.149069697735992,11.985373577753302,20.067318809577166,123667.79,111920,123667.79,98200,0,0,0,0,0,0,0,0,116407.65578,117793.89499999999,119180.13421999999,107928.69578,110933.89499999999,113939.09422,114024.4571,114674.525,115324.5929,107928.69578,110933.89499999999,113939.09422
2025-08-14T00:00:00Z,123306.44,124474,117180,118295.09,27980.947586,2025-08-14T23:59:59Z,3359128391.10852,4350449,13402.078476,1608719584.86973,0,-1176.7906339999972,-1173211.9658809982,0.47897157288217085,1.8993540038785457,0.006431737870274999,120050.55871621832,27207.4371264475,117425.12887967878,117075.38700000006,114935.03659999998,100051.48049999999,118266.8243780244,117025.84876862439,114698.62251690417,1240.975609400004,897.7211016779006,343.2545077221034,53.2472221919305,0.028160959151459997,-484756.9691780029,12771386.876107007,-0.01688101568823128,57.47245433828629,3138.145675304914,117075.38700000006,122139.19241917797,112011.58158082215,0.0865050383165149,117530.55765524133,123806.84900585115,111254.2663046315,25.977650970992652,13.958119225557514,20.783735875087192,124474,111920,124474,98200,1,0,0,0,0,0,0,0,116715.628,118197,119678.372,108236.668,111337,114437.332,114024.4571,114674.525,115324.5929,108236.668,111337,114437.332
2025-08-15T00:00:00Z,118295.09,119216.82,116803.99,117342.05,13623.33874,2025-08-15T23:59:59Z,1607609329.6851,2895016,6141.41708,724799635.817246,0,-1340.504579999999,-1174552.4704609981,0.45080117269402936,0.9043995865644342,0.004705790482677816,118004.06349472451,27213.996606478922,117409.8875783669,117046.49000000003,115142.93639999999,100127.7766,118124.55139678987,117049.27108205963,114802.28633977067,1075.2803147302475,933.2329442883699,142.04737044187755,50.92398173400237,0.028146035542879977,-498380.3079180029,12763839.534136316,-0.049656123522016836,60.28625369748972,3086.337412783135,117046.49000000003,122097.26579808052,111995.71420191955,0.08630375499650587,117512.60454521835,123685.27937078461,111339.92971965208,24.52702595570683,14.048897912034413,21.23935127841171,124474,111920,124474,98200,0,0,0,0,0,0,0,0,116715.628,118197,119678.372,108236.668,111337,114437.332,114024.4571,114674.525,115324.5929,108236.668,111337,114437.332
2025-08-16T00:00:00Z,117342.04,117898.99,117143.98,117380.66,6393.68117,2025-08-16T23:59:59Z,751719391.772363,1179842,2995.22865,352158781.096455,0,-403.2238699999998,-1174955.6943309982,0.46846700208543557,0.42862642421037256,0.005419099481116963,117572.2360538605,27217.060122517578,117346.54802477705,116944.74550000005,115349.59779999999,100208.00230000001,118010.10656651451,117073.81840931447,114903.39903232869,936.2881572000479,933.8439868707055,2.4441703293423416,51.01722424361978,0.020770004801192288,-491986.6267480029,12761454.426254923,-0.07809636324378784,61.67919995774305,2919.8140261557687,116944.74550000005,121881.21926680938,112008.27173319072,0.08442403710749583,117500.03839805469,123339.66645036623,111660.41034574315,24.074009092770346,13.789413224762578,21.662422724355906,124474,111920,124474,99613.33,0,0,0,0,0,0,0,0,116715.628,118197,119678.372,109110.10594000001,112043.66500000001,114977.22406000001,114024.4571,114674.525,115324.5929,108236.668,111337,114437.332
2025-08-17T00:00:00Z,117380.66,118575,117172.21,117405.01,5898.64192,2025-08-17T23:59:59Z,695629197.903807,1177563,2804.73113,330799448.090365,0,-289.1796599999998,-1175244.8739909981,0.4754876068150955,0.4064239368486722,0.00500919434459133,117930.39946113681,27219.897460196684,117313.30804790529,116911.88000000005,115551.76219999998,100276.36115000003,117917.01478705074,117098.35111973561,115001.50142321775,818.6636673151224,910.807922959589,-92.14425564446651,51.08035075894751,-0.0005703486302822691,-486087.98482800287,12757513.602453068,-0.07148316677866318,61.44119150869447,2811.455167144642,116911.88000000005,121826.85983876053,111996.90016123957,0.0840800753312748,117490.98807443044,123113.89840871972,111868.07774014116,24.933508603915747,13.297963326614783,22.288997421778692,124474,111920,124474,104622.02,0,0,0,0,0,0,0,0,116715.628,118197,119678.372,112205.47636,114548.01000000001,116890.54364,114024.4571,114674.525,115324.5929,108236.668,111337,114437.332
2025-08-18T00:00:00Z,117405.01,117543.75,114640.14,116227.05,17745.93954,2025-08-18T23:59:59Z,2053814085.47177,3346280,7647.70667,885108979.488748,0,-2450.5262000000002,-1177695.400190998,0.43095529840850566,1.2118298433133614,0.005303184294201322,115734.3109866005,27228.225829347866,117214.54222876836,116825.69450000006,115709.16459999999,100333.88170000001,117657.02020442755,117033.8102960515,115049.56215171902,623.209908376055,853.2883200428821,-230.07841166682715,47.86656481818112,-0.003837077331391492,-503833.92436800286,12759165.039913025,-0.058029149140909134,54.52626213612591,2818.037655205739,116825.69450000006,121725.2107157783,111926.17828422181,0.0838773736676266,117370.61301972278,123006.68833013426,111734.53770931129,23.098463041430673,18.737282834966102,21.441535518886187,124474,111920,124474,105100.19,0,0,0,0,0,0,0,0,116715.628,118197,119678.372,112500.98542,114787.095,117073.20458,114024.4571,114674.525,115324.5929,108236.668,111337,114437.332
2025-08-19T00:00:00Z,116227.05,116725.69,112732.58,112872.94,18065.47424,2025-08-19T23:59:59Z,2065010895.85846,3291182,8609.4137,984093545.594422,0,-846.6468400000012,-1178542.0470309982,0.4765672677962314,1.2232969281349197,0.005489053549758111,114307.04051411938,27236.56585241646,116915.96599008102,116577.32650000005,115823.6934,100386.09860000003,116921.00786528485,116725.59768152917,114964.20442027906,195.41018375568092,721.7126927854418,-526.3025090297609,40.125286771792986,-0.030819514477867238,-521899.39860800287,12742369.588269109,-0.13364987240919038,53.035465222174366,2901.9713941196146,116577.32650000005,121742.35130713394,111412.30169286617,0.08861113841264638,116942.26320832061,122746.20599655985,111138.32042008138,20.828215602488545,21.590908693132587,20.038425373510048,124474,111920,124474,105100.19,0,0,0,0,0,0,0,0,116715.628,118197,119678.372,112500.98542,114787.095,117073.20458,114024.4571,114674.525,115324.5929,108236.668,111337,114437.332
2025-08-20T00:00:00Z,112872.95,114615.38,112380,114271.24,15636.34194,2025-08-20T23:59:59Z,1776149566.12477,2998370,7209.58575,819330970.215861,0,-1217.1704399999999,-1179759.2174709982,0.461078798203872,1.063756514900707,0.005214947434772893,113591.11823853923,27243.72382074504,116841.94737158687,116502.68450000006,115995.49540000001,100454.27655000002,116513.35127062564,116543.7934088233,114937.029344974,-30.442138197657187,571.281726588822,-601.7238647864792,44.17841469504324,-0.04210412576457101,-506263.05666800286,12753191.455072682,-0.04853195188051227,47.35395535497745,2854.357723111071,116502.68450000006,121754.97243582299,111250.39656417714,0.09016595554625048,116687.88004562342,122396.59549184555,110979.16459940128,19.663105441865575,21.265444294580828,18.886749712043475,124474,111920,124474,105100.19,0,0,0,0,0,0,0,0,116715.628,118197,119678.372,112500.98542,114787.095,117073.20458,114024.4571,114674.525,115324.5929,108236.668,111337,114437.332
2025-08-21T00:00:00Z,114271.23,114821.76,112015.67,112500,10839.69235,2025-08-21T23:59:59Z,1227373788.61556,2357380,5346.48007,605400341.454492,0,-146.73221000000012,-1179905.9496809982,0.4932317170422277,0.7733355511177622,0.004598194754345926,113229.57783165868,27248.66451963006,116983.62497223982,116462.78800000006,116068.50340000002,100528.27360000003,115895.91261360631,116244.25315631788,114841.45956673972,-348.3405427115649,387.35727272874465,-735.6978154403096,40.443683849843794,-0.05212072190485817,-517102.7490180029,12746093.615760807,-0.01905376455459977,41.842315429392194,2850.9100286031376,116462.78800000006,121822.85964114437,111102.71635885575,0.09204779884102227,116289.03432699261,121990.85438419889,110587.21426978633,18.2806786028217,20.68318032705026,17.978122932887715,124474,111920,124474,105100.19,0,0,0,0,0,0,0,0,116715.628,118197,119678.372,112500.98542,114787.095,117073.20458,114024.4571,114674.525,115324.5929,108236.668,111337,114437.332
2025-08-22T00:00:00Z,112500,117429.05,111684.79,116935.99,23128.09037,2025-08-22T23:59:59Z,2656625122.27778,3438518,11843.59711,1359907711.87266,0,559.1038499999995,-1179346.8458309982,0.5120871165983774,1.584350049577077,0.006726179816420912,114865.735985006,27259.40490066835,117154.74445455897,116682.27000000006,116215.52760000002,100606.31095000003,116055.92451920535,116295.49292251655,114923.59801510288,-239.56840331120475,261.97213752075476,-501.5405408319595,51.50162343289638,-0.026621005463229097,-493974.6586480029,12765251.295237904,0.0659501688358137,45.061799522318445,3057.5778837029143,116682.27000000006,121733.48424113884,111631.05575886129,0.08658066458835216,116350.64915299331,122465.80492039914,110235.49338558748,21.918479387155735,17.90765085464559,17.413317489352284,124474,111684.79,124474,105100.19,0,0,1,0,0,0,0,0,116570.26822,118079.39499999999,119588.52178,112500.98542,114787.095,117073.20458,114024.4571,114674.525,115324.5929,108236.668,111337,114437.332
2025-08-23T00:00:00Z,116936,117030,114560,115438.05,11329.36197,2025-08-23T23:59:59Z,1308825428.01435,1559569,5083.35014,587273893.131443,0,-1162.6616900000008,-1180509.5075209981,0.44868812149004006,0.7657860883851693,0.007264418547688496,115525.07824183765,27264.70473621915,117162.66750372032,116743.73250000007,116364.60380000001,100694.68555000004,115960.86690086607,116231.97863195978,114943.7726027459,-271.11173109371157,155.35536379786146,-426.467094891573,48.24415909367757,-0.0638115952266235,-505304.0206180029,12761976.78855354,0.039269545008305776,45.46222276504386,3015.608034866992,116743.73250000007,121702.12545213236,111785.33954786778,0.08494491046244873,116263.73494794633,122294.95101768032,110232.51887821234,20.636135673565967,16.859961227413873,16.888855291783667,124474,111684.79,124474,105100.19,0,0,0,0,0,0,0,0,116570.26822,118079.39499999999,119588.52178,112500.98542,114787.095,117073.20458,114024.4571,114674.525,115324.5929,108236.668,111337,114437.332
2025-08-24T00:00:00Z,115438.06,115666.68,110680,113493.59,21175.98462,2025-08-24T23:59:59Z,2411284606.18917,2573906,9325.0671,1061855201.33431,0,-2525.850419999999,-1183035.3579409982,0.4403604964461861,1.3777625158492541,0.00822717870038766,113868.83063334838,27274.423221030695,116976.19718708855,116665.66050000007,116470.5132,100779.09135000003,115581.28583919436,116029.13502959239,114886.90269675586,-447.8491903980321,34.714452958682756,-482.5636433567148,44.32496782528249,-0.040589174073074386,-526480.0052380029,12764696.677968765,0.04113807773913637,38.24304836311227,3156.3988895193493,116665.66050000007,121774.83085793181,111556.49014206833,0.08758653293582883,115999.91161957048,122312.70939860918,109687.11384053179,18.30740128255857,23.737707925119775,16.605039198565436,124474,110680,124474,105100.19,0,0,0,0,0,0,0,0,115949.308,117577,119204.692,112500.98542,114787.095,117073.20458,114024.4571,114674.525,115324.5929,108236.668,111337,114437.332
2025-08-25T00:00:00Z,113493.59,113667.28,109274.1,110111.98,25182.79379,2025-08-25T23:59:59Z,2805570653.63102,4695718,11387.5817,1269662985.34417,0,-2407.6303899999984,-1185442.9883309982,0.4521969164724674,1.5712891022358586,0.0053629272009094245,111408.23679162645,27285.649424151437,116543.85672921731,116464.77200000007,116488.67600000002,100846.87950000002,114739.854171626,115590.82724962258,114699.65082629485,-850.9730779965903,-142.42305323237187,-708.5500247642184,38.47165451957902,-0.06161533738331659,-551662.7990280029,12749119.754760332,-0.016448502659774294,27.248655220911104,3244.740397410824,116464.77200000007,122230.72154843119,110698.82245156895,0.099016199481009,115439.15622723044,121928.63702205209,108949.6754324088,16.53689404147986,24.536934890494543,16.81019511365511,124474,109274.1,124474,105100.19,0,0,0,0,0,0,0,0,115080.4618,116874.05,118667.6382,112500.98542,114787.095,117073.20458,114024.4571,114674.525,115324.5929,108236.668,111337,114437.332
2025-08-26T00:00:00Z,110111.98,112371,108666.66,111763.22,18452.43877,2025-08-26T23:59:59Z,2033437347.49993,4077474,9863.43157,1087468493.59696,0,1274.4243700000006,-1184168.5639609983,0.534532681177947,1.120951906572242,0.004525458352401511,110198.83999322058,27293.755176906867,116321.91592645056,116303.31950000007,116558.6816,100923.16160000002,114281.91045291431,115307.30078668757,114584.49667624407,-1025.3903337732627,-319.01650934055004,-706.3738244327126,42.46689151040225,-0.047856606020105885,-533210.3602580029,12761517.12124451,0.010170673991551579,27.201223418068523,3277.5689404529076,116303.31950000007,122396.69068266723,110209.9483173329,0.1047841318521809,115089.06706273231,121644.20494363812,108533.9291818265,15.201882827232787,23.879889772603683,17.19551992242217,124474,108666.66,124474,107245,0,0,0,0,0,0,0,0,114705.06388,116570.33,118435.59612,113826.478,115859.5,117892.522,114024.4571,114674.525,115324.5929,108236.668,111337,114437.332
2025-08-27T00:00:00Z,111763.22,112625,110345.42,111262.01,13392.60875,2025-08-27T23:59:59Z,1493774927.19083,3111496,6261.8455,698586344.177479,0,-868.9177499999987,-1185037.4817109983,0.46755980234246747,0.8137642248847751,0.00430423460290484,111537.2632080236,27299.73222517367,116068.97674328483,115992.81950000007,116605.4622,100997.24795000003,113817.31038323518,115007.64961730331,114454.20308109725,-1190.3392340681312,-493.28105428606625,-697.0581797820649,41.5842379715351,-0.05232315043455127,-546602.9690080029,12758894.506312812,-0.03508701734258359,23.488044052846647,3206.284016134843,115992.81950000007,122439.00629280673,109546.6327071934,0.11114803175909799,114724.5854377102,121137.15346997988,108312.0174054405,14.995727218685515,22.667179294102816,17.422177090537918,124474,108666.66,124474,107245,0,0,0,0,0,0,0,0,114705.06388,116570.33,118435.59612,113826.478,115859.5,117892.522,114024.4571,114674.525,115324.5929,108236.668,111337,114437.332
2025-08-28T00:00:00Z,111262.01,113485.9,110862.42,112566.9,11104.27744,2025-08-28T23:59:59Z,1250788481.94532,2066780,5139.46509,578866003.683814,0,-825.3472600000005,-1185862.8289709983,0.4628365166279563,0.6725564226761027,0.00537274283668315,112640.24054727868,27304.7522413905,115932.78167671905,115787.42750000006,116632.12039999999,101077.76870000003,113624.93955504514,114826.85334935492,114380.19119556402,-1201.913794309774,-635.0076022908078,-566.9061920189662,44.80093651610276,-0.031491378297909156,-535498.6915680029,12762219.16967734,-0.02214028239627386,30.708270196101395,3164.655157839497,115787.42750000006,122393.406794817,109181.44820518313,0.11410529515075254,114519.0915864997,120848.40190217868,108189.7812708207,16.050886407210943,21.324968248111166,17.185659661674286,124474,108666.66,124474,107429.57,0,0,0,0,0,0,0,0,114705.06388,116570.33,118435.59612,113940.54226,115951.785,117963.02774,114024.4571,114674.525,115324.5929,108236.668,111337,114437.332
2025-08-29T00:00:00Z,112566.9,112638.64,107463.9,108377.4,22580.31045,2025-08-29T23:59:59Z,2475492492.57752,3606959,10616.35644,1164321513.10445,0,-1347.5975700000017,-1187210.4265409983,0.4701598972037162,1.3155729470673594,0.006260207130161446,109630.57828894995,27314.598554699074,115421.1243611702,115383.18500000006,116479.4684,101132.50160000002,112817.6257773459,114349.11606421752,114144.7876192674,-1531.4902868716308,-814.3041392069724,-717.1861476646584,37.6353845593372,-0.0398283237771605,-558079.0020180029,12747611.091106072,-0.04163360500956499,29.6425852557672,3308.2326465652477,115383.18500000006,122723.20808423994,108043.16191576017,0.12722864400458153,113934.16857826163,120550.63387139211,107317.70328513114,14.257542934373209,26.280156849364708,18.076531055544272,124474,107463.9,124474,107429.57,0,0,0,0,0,0,0,0,113961.7582,115968.95,117976.1418,113940.54226,115951.785,117963.02774,114024.4571,114674.525,115324.5929,108236.668,111337,114437.332
